"ID";"FullName";"global_id";"ShortName";"AdmArea";"District";"Address";"Owner";"TestDate";"geoData";
"14";"Автомобильный заправочный комплекс № 1 «РН-Москва»";"4539435";"АЗК № 1 «РН-Москва»";"Северо-Восточный административный округ";"район Отрадное";"улица Декабристов, дом 47Б";"ОАО «РН-Москва»";"04.04.2013";"{type=Point, coordinates=[37.623636836022, 55.858348644476]}";
"15";"Автомобильный заправочный комплекс № 11 «РН-Москва»";"4539436";"АЗК № 11 «РН-Москва»";"Северный административный округ";"Бескудниковский район";"Дубнинская улица, дом 52";"ОАО «РН-Москва»";"04.04.2013";"{type=Point, coordinates=[37.552540305201, 55.897335484752]}";
"16";"Автомобильная заправочная станция «Альфа-Петрол М» на Ясеневой улице, дом 13А";"4539437";"АЗС «Альфа-Петрол М» на Ясеневой улице, дом 13А";"Южный административный округ";"район Орехово-Борисово Южное";"Ясеневая улица, дом 13А";"ООО «Альфа-Петрол М»";"09.04.2013";"{type=Point, coordinates=[37.725173521178, 55.602283340896]}";
"19";"Автомобильная заправочная станция № 18 «ЕКА-АЗС»";"4539438";"АЗС № 18 «ЕКА-АЗС»";"Северный административный округ";"район Сокол";"улица Панфилова, владение 2";"ООО «ЕКА-АЗС»";"10.04.2013";"{type=Point, coordinates=[37.500852902714, 55.798597340373]}";
"20";"Автомобильный заправочный комплекс № 57 «РН-Москва»";"4539439";"АЗК № 57 «РН-Москва»";"Юго-Восточный административный округ";"Рязанский район";"Рязанский проспект, владение 26, корпус 2";"ОАО «РН-Москва»";"11.04.2013";"{type=Point, coordinates=[37.777293715474, 55.7194454508]}";
"21";"Автомобильный заправочный комплекс № 42 «РН-Москва»";"4539440";"АЗК № 42 «РН-Москва»";"Восточный административный округ";"район Новокосино";"5-й километр Московской Кольцевой Автодороги, владение 6";"ОАО «РН-Москва»";"11.04.2013";"{type=Point, coordinates=[37.840495310712, 55.738656715169]}";
"25";"Автомобильный заправочный комплекс № 35 «РН-Москва»";"4539441";"АЗК № 35 «РН-Москва»";"Юго-Восточный административный округ";"район Выхино-Жулебино";"9-й километр Московской Кольцевой Автодороги";"ОАО «РН-Москва»";"23.04.2013";"{type=Point, coordinates=[37.830060180162, 55.699759682519]}";
"26";"Автомобильная заправочная станция № 4 «Транс АЗС»";"4539442";"АЗС № 4 «Транс АЗС»";"Юго-Восточный административный округ";"Рязанский район";"Рязанский проспект, владение 14, строение 4";"ЗАО «Транс АЗС»";"24.04.2013";"{type=Point, coordinates=[37.763547287389, 55.72436156956]}";
"36";"Автомобильный заправочный комплекс № 4 «Валар»";"4539443";"АЗК № 4 «Валар»";"Восточный административный округ";"район Гольяново";"Монтажная улица, дом 3А,строение 1";"ООО «Валар»";"21.05.2013";"{type=Point, coordinates=[37.76900639421, 55.817669702965]}";
"38";"Автомобильная заправочная станция «ТД «Нефтьмагистраль» на Волгоградском проспекте, владение 26";"4539444";"АЗС «ТД «Нефтьмагистраль» на Волгоградском проспекте, владение 26";"Юго-Восточный административный округ";"Южнопортовый район";"Волгоградский проспект, владение 26";"ООО «ТД «Нефтьмагистраль»";"22.05.2013";"{type=Point, coordinates=[37.679255906042, 55.727239307495]}";
"39";"Автомобильная заправочная станция «Валар» на 39-м километре Московской Кольцевой Автодороги, владение 1, строение 1";"4539445";"АЗС «Валар» на 39-м километре Московской Кольцевой Автодороги, владение 1, строение 1";"Юго-Западный административный округ";"район Ясенево";"39-й километр Московской Кольцевой Автодороги, владение 1, строение 1";"ООО «Валар»";"26.05.2013";"{type=Point, coordinates=[37.507068130039, 55.598093211434]}";
"45";"Автомобильная заправочная станция «ТК «Новаторрус-Инвест» на Сельскохозяйственной улице, владение 40";"4539446";"АЗС «ТК «Новаторрус-Инвест» на Сельскохозяйственной улице, владение 40";"Северо-Восточный административный округ";"район Свиблово";"Сельскохозяйственная улица, владение 40";"ОАО «ТК «Новаторрус-Инвест»";"25.06.2013";"{type=Point, coordinates=[37.627458791349, 55.848235937686]}";
"47";"Автомобильная заправочная станция № 23 «Транс АЗС»";"4539447";"АЗС № 23 «Транс АЗС»";"Восточный административный округ";"район Ивановское";"1-й километр Московской Кольцевой Автодороги, строение 2А";"ЗАО «Транс АЗС»";"12.07.2013";"{type=Point, coordinates=[37.842066876111, 55.775328262205]}";
"52";"Автомобильная заправочная станция «САГАН» на Симферопольском шоссе, дом 9";"4539448";"АЗС «САГАН» на Симферопольском шоссе, дом 9";"Новомосковский административный округ";"поселение Щербинка";"Симферопольское шоссе, дом 9";"ООО «САГАН»";"08.08.2013";"{type=Point, coordinates=[37.562026412561, 55.507168903396]}";
"1";"Автомобильная заправочная станция № 450 «ЕТ-АЗС»";"4539449";"АЗС № 450 «ЕТ-АЗС»";"Северо-Восточный административный округ";"район Северное Медведково";"Полярная улица, владение 37В";"ООО «ЕТ-АЗС»";"22.01.2013";"{type=Point, coordinates=[37.645021333384, 55.890456811952]}";
"3";"Автомобильная заправочная станция № 14 «ТК Нефтепродуктсервис»";"4539450";"АЗС № 14 «ТК Нефтепродуктсервис»";"Северо-Восточный административный округ";"район Северное Медведково";"Осташковская улица, владение 18А";"ООО «ТК Нефтепродуктсервис»";"25.02.2013";"{type=Point, coordinates=[37.677196133853, 55.88539256095]}";
"5";"Автомобильная заправочная станция № 4 «Сокол»";"4539451";"АЗС № 4 «Сокол»";"Юго-Западный административный округ";"район Ясенево";"39-й километр Московской Кольцевой Автодороги";"ООО «Сокол»";"26.02.2013";"{type=Point, coordinates=[37.502687094299, 55.599601517495]}";
"6";"Автомобильная заправочная станция № 3 «ТК НИКОЙЛ»";"4539452";"АЗС № 3 «ТК НИКОЙЛ»";"Юго-Западный административный округ";"район Северное Бутово";"улица Поляны, владение 12";"ООО «ТК НИКОЙЛ»";"14.03.2013";"{type=Point, coordinates=[37.555990431107, 55.563991008006]}";
"11";"Автомобильная заправочная станция № 28 «ЕКА-АЗС»";"4539453";"АЗС № 28 «ЕКА-АЗС»";"Юго-Западный административный округ";"район Зюзино";"Балаклавский проспект, дом 30";"ООО «ЕКА-АЗС»";"21.03.2013";"{type=Point, coordinates=[37.58635295919, 55.644136473712]}";
"17";"Многофункциональная автомобильная заправочная станция № 9 «НГК «Интеройл»";"4539454";"МАЗС № 9 «НГК «Интеройл»";"Северо-Западный административный округ";"район Митино";"улица Зенитчиков, дом 7";"ООО «НГК «Интеройл»";"09.04.2013";"{type=Point, coordinates=[37.348200506705, 55.834595137617]}";
"22";"Автомобильный заправочный комплекс № 43 «РН-Москва»";"4539455";"АЗК № 43 «РН-Москва»";"Юго-Восточный административный округ";"район Выхино-Жулебино";"8-й километр Московской Кольцевой Автодороги, владение 2";"ОАО «РН-Москва»";"11.04.2013";"{type=Point, coordinates=[37.83723569167, 55.714465096059]}";
"23";"Автомобильная заправочная станция № 98 «Газпромнефть-Центр»";"4539456";"АЗС № 98 «Газпромнефть-Центр»";"Северный административный округ";"район Аэропорт";"Ленинградский проспект, владение 45А";"ООО «Газпромнефть-Центр»";"17.04.2013";"{type=Point, coordinates=[37.534737137339, 55.798529244408]}";
"27";"Автомобильная заправочная станция «Шелл Нефть» на Волгоградском проспекте, владение 79";"4539457";"АЗС «Шелл Нефть» на Волгоградском проспекте, владение 79";"Юго-Восточный административный округ";"район Текстильщики";"Волгоградский проспект, владение 79";"ООО «Шелл Нефть»";"26.04.2013";"{type=Point, coordinates=[37.744433190461, 55.708732636713]}";
"29";"Автомобильная заправочная станция № 116 «Валар»";"4539458";"АЗС № 116 «Валар»";"Западный административный округ";"район Филёвский Парк";"Большая Филёвская улица, дом 5А";"ООО «Валар»";"14.05.2013";"{type=Point, coordinates=[37.509555947422, 55.751192002447]}";
"31";"Автомобильный заправочный комплекс № 5 «Валар»";"4539459";"АЗК № 5 «Валар»";"Юго-Западный административный округ";"район Северное Бутово";"Куликовская улица, дом 2, строение 1";"ООО «Валар»";"14.05.2013";"{type=Point, coordinates=[37.569590628147, 55.577720336092]}";
"33";"Автомобильная заправочная станция № 16 «Валар»";"4539460";"АЗС № 16 «Валар»";"Новомосковский административный округ";"поселение Сосенское";"36-й километр Калужского шоссе";"ООО «Валар»";"16.05.2013";"{type=Point, coordinates=[37.331172755845, 55.497606491074]}";
"34";"Автомобильный заправочный комплекс № 8 «Валар»";"4539461";"АЗК № 8 «Валар»";"Восточный административный округ";"район Богородское";"улица Богородский Вал, дом 3А, строение 1";"ООО «Валар»";"21.05.2013";"{type=Point, coordinates=[37.706121192458, 55.803406467823]}";
"35";"Автомобильный заправочный комплекс № 9 «Валар»";"4539462";"АЗК № 9 «Валар»";"Восточный административный округ";"район Богородское";"Открытое шоссе, дом 14Г, строение 1";"ООО «Валар»";"21.05.2013";"{type=Point, coordinates=[37.737758795997, 55.814214044774]}";
"42";"Автомобильная заправочная станция «Механизация-2» на Южнопортовой улице, дом 17Б";"4539463";"АЗС «Механизация-2» на Южнопортовой улице, дом 17Б";"Юго-Восточный административный округ";"район Печатники";"Южнопортовая улица, дом 17Б";"ОАО «Механизация-2»";"11.06.2013";"{type=Point, coordinates=[37.704265313336, 55.704033285638]}";
"44";"Автомобильная заправочная станция № 777 «ТК «Новаторрус-Инвест»";"4539464";"АЗС № 777 «ТК «Новаторрус-Инвест»";"Юго-Восточный административный округ";"район Печатники";"Шоссейная улица, дом 1, владение 10";"ОАО «ТК «Новаторрус-Инвест»";"25.06.2013";"{type=Point, coordinates=[37.727430959769, 55.709449298499]}";
"46";"Автомобильная заправочная станция «ТК «Новаторрус-Инвест» на Ярославском шоссе, владение 47";"4539465";"АЗС «ТК «Новаторрус-Инвест» на Ярославском шоссе, владение 47";"Северо-Восточный административный округ";"Ярославский район";"Ярославское шоссе, владение 47";"ОАО «ТК «Новаторрус-Инвест»";"25.06.2013";"{type=Point, coordinates=[37.687162298503, 55.859398521696]}";
"49";"Автомобильная заправочная станция «Галерея ВИП ТУР» на Волжском бульваре, дом 53, владение 1";"4539466";"АЗС «Галерея ВИП ТУР» на Волжском бульваре, дом 53, владение 1";"Юго-Восточный административный округ";"Рязанский район";"Волжский бульвар, дом 53, владение 1";"ООО «Галерея ВИП ТУР»";"01.08.2017";"{type=Point, coordinates=[37.765630926379, 55.693323222691]}";
"50";"Автомобильный заправочный комплекс «ТНК-Столица» на Рябиновой улице, владение 56";"4539467";"АЗК «ТНК-Столица» на Рябиновой улице, владение 56";"Западный административный округ";"район Очаково-Матвеевское";"Рябиновая улица, владение 56";"ОАО «ТНК-Столица»";"06.08.2013";"{type=Point, coordinates=[37.430773895812, 55.670570073343]}";
"53";"Автомобильная заправочная станция «ВэСКа» на 78-м километре Московской Кольцевой Автодороги";"4539468";"АЗС «ВэСКа» на 78-м километре Московской Кольцевой Автодороги";"Северный административный округ";"район Западное Дегунино";"78-й километр Московской Кольцевой Автодороги";"ООО «ВэСКа»";"12.08.2013";"{type=Point, coordinates=[37.488096653843, 55.889435510969]}";
"58";"Автомобильная заправочная станция № 1 «Сервис ФСП» на Краснобогатырской улице, владение 22";"4539469";"АЗС № 1 «Сервис ФСП» на Краснобогатырской улице, владение 22";"Восточный административный округ";"район Богородское";"Краснобогатырская улица, владение 22";"ООО «Сервис ФСП»";"20.05.2014";"{type=Point, coordinates=[37.698130284071, 55.811949937123]}";
"59";"Автомобильная заправочная станция «ТНК-Столица» на Юрловском проезде, владение 8-12";"4539470";"АЗС «ТНК-Столица» на Юрловском проезде, владение 8-12";"Северо-Восточный административный округ";"район Отрадное";"Юрловский проезд, владение 8-12";"ОАО «ТНК-Столица»";"02.09.2013";"{type=Point, coordinates=[37.623034460371, 55.868762690748]}";
"61";"Автомобильная заправочная станция «Альфа-Петрол-Л» на Анадырском проезде, владение 20";"4539471";"АЗС «Альфа-Петрол-Л» на Анадырском проезде, владение 20";"Северо-Восточный административный округ";"Лосиноостровский район";"Анадырский проезд, владение 20";"ООО «Альфа-Петрол-Л»";"10.11.2017";"{type=Point, coordinates=[37.712894783825, 55.881856412653]}";
"63";"Автомобильная заправочная станция «Софразвитие» на Рябиновой улице, дом 67, сооружение 1";"4539472";"АЗС «Софразвитие» на Рябиновой улице, дом 67, сооружение 1";"Западный административный округ";"район Очаково-Матвеевское";"Рябиновая улица, дом 67, сооружение 1";"ООО «Софразвитие»";"10.09.2013";"{type=Point, coordinates=[37.436292507498, 55.678222109802]}";
"72";"Автомобильная заправочная станция № 83 «Валар»";"4539473";"АЗС № 83 «Валар»";"Центральный административный округ";"район Хамовники";"улица Хамовнический Вал, владение 40, строение 1";"ООО «Валар»";"15.10.2013";"{type=Point, coordinates=[37.549859315518, 55.727377122699]}";
"75";"Автомобильная заправочная станция № 1 «Меркурий»";"4539474";"АЗС № 1 «Меркурий»";"Северо-Западный административный округ";"район Покровское-Стрешнево";"Волоколамское шоссе, дом 132";"ЗАО фирма «Меркурий»";"07.11.2013";"{type=Point, coordinates=[37.40063602297, 55.832306644109]}";
"80";"Автомобильная заправочная станция № 12 «Компания ТРАССА»";"4539475";"АЗС № 12 «Компания ТРАССА»";"Новомосковский административный округ";"поселение Внуковское";"деревня Рассказовка";"ООО «Компания ТРАССА»";"14.04.2017";"{type=Point, coordinates=[37.323186435207, 55.63194309946]}";
"86";"Автомобильная заправочная станция «АВИС-АМ» на 32-м километре Московской Кольцевой Автодороги, владение 7";"4539476";"АЗС «АВИС-АМ» на 32-м километре Московской Кольцевой Автодороги, владение 7";"Южный административный округ";"район Чертаново Южное";"32-й километр Московской Кольцевой Автодороги, владение 7";"ООО «АВИС-АМ»";"14.11.2017";"{type=Point, coordinates=[37.604958637431, 55.57508418405]}";
"87";"Многофункциональный автомобильный заправочный комплекс «Бутово» «Петрол Комплекс Эквипмент Кампани»";"4539477";"МАЗК «Бутово» «Петрол Комплекс Эквипмент Кампани»";"Юго-Западный административный округ";"район Северное Бутово";"Старобитцевская улица, дом 2, строение 1";"ЗАО «Петрол Комплекс Эквипмент Кампани»";"30.01.2014";"{type=Point, coordinates=[37.592310577672, 55.568314186984]}";
"91";"Автомобильная заправочная станция «Приоритет» на улице Академика Ильюшина, дом 19Б";"4539478";"АЗС «Приоритет» на улице Академика Ильюшина, дом 19Б";"Северный административный округ";"район Аэропорт";"улица Академика Ильюшина, дом 19Б";"ЗАО КХК «Приоритет»";"25.02.2014";"{type=Point, coordinates=[37.547429303961, 55.807000801442]}";
"93";"Автомобильная заправочная станция № 49 «Татнефть-АЗС-Запад»";"4539479";"АЗС № 49 «Татнефть-АЗС-Запад»";"Западный административный округ";"Можайский район";"улица Красных Зорь, строение 12";"ООО «Татнефть-АЗС-Запад»";"04.03.2014";"{type=Point, coordinates=[37.42637280426, 55.726533635183]}";
"98";"Многофункциональный автомобильный заправочный комплекс «Северянин» «Петрол Комплекс Эквипмент Кампани»";"4539480";"МАЗК «Северянин» «Петрол Комплекс Эквипмент Кампани»";"Северо-Восточный административный округ";"Ярославский район";"Ярославское шоссе, владение 3, строение 2";"ЗАО «Петрол Комплекс Эквипмент Кампани»";"05.03.2014";"{type=Point, coordinates=[37.676293753354, 55.852105184958]}";
"101";"Автомобильная заправочная станция № 234 «Татнефть-АЗС-Запад»";"4539481";"АЗС № 234 «Татнефть-АЗС-Запад»";"Юго-Восточный административный округ";"район Печатники";"2-я улица Машиностроения, владение 8";"ООО «Татнефть-АЗС-Запад»";"06.03.2014";"{type=Point, coordinates=[37.68431352737, 55.716086824125]}";
"103";"Автомобильная заправочная станция № 246 «Татнефть-АЗС-Запад»";"4539482";"АЗС № 246 «Татнефть-АЗС-Запад»";"Юго-Восточный административный округ";"Нижегородский район";"Рязанский проспект, владение 2";"ООО «Татнефть-АЗС-Запад»";"06.03.2014";"{type=Point, coordinates=[37.728445335592, 55.730532042137]}";
"104";"Автомобильная заправочная станция № 122 «Валар»";"4539483";"АЗС № 122 «Валар»";"Западный административный округ";"Можайский район";"Можайское шоссе, владение 58";"ООО «Валар»";"11.03.2014";"{type=Point, coordinates=[37.39620476803, 55.715494672011]}";
"105";"Многофункциональный автомобильный заправочный комплекс «Спасская» «Петрол Комплекс Эквипмент Кампани»";"4539484";"МАЗК «Спасская» «Петрол Комплекс Эквипмент Кампани»";"Северо-Западный административный округ";"район Строгино";"65-й километр Московской Кольцевой Автодороги, владение 1";"ЗАО «Петрол Комплекс Эквипмент Кампани»";"11.03.2014";"{type=Point, coordinates=[37.387126268216, 55.812026931895]}";
"109";"Автомобильная заправочная станция № 82 «Татнефть-АЗС-Запад»";"4539485";"АЗС № 82 «Татнефть-АЗС-Запад»";"Восточный административный округ";"район Ивановское";"1-й километр Московской Кольцевой Автодороги, владение 2";"ООО «Татнефть-АЗС-Запад»";"12.03.2014";"{type=Point, coordinates=[37.842285523771, 55.767508942909]}";
"110";"Автомобильная заправочная станция № 84 «Татнефть-АЗС-Запад»";"4539486";"АЗС № 84 «Татнефть-АЗС-Запад»";"Восточный административный округ";"район Ивановское";"шоссе Энтузиастов, дом 92Г";"ООО «Татнефть-АЗС-Запад»";"12.03.2014";"{type=Point, coordinates=[37.821205865865, 55.771390115362]}";
"112";"Многофункциональный автомобильный заправочный комплекс «Котловка» «Петрол Комплекс Эквипмент Кампани»";"4539487";"МАЗК «Котловка» «Петрол Комплекс Эквипмент Кампани»";"Юго-Западный административный округ";"район Котловка";"Севастопольский проспект, дом 8";"ЗАО «Петрол Комплекс Эквипмент Кампани»";"13.03.2014";"{type=Point, coordinates=[37.604019335095, 55.689219486022]}";
"114";"Многофункциональный автомобильный заправочный комплекс «Профсоюзная» «Петрол Комплекс Эквипмент Кампани»";"4539488";"МАЗК «Профсоюзная» «Петрол Комплекс Эквипмент Кампани»";"Юго-Западный административный округ";"район Коньково";"Профсоюзная улица, дом 84А";"ЗАО «Петрол Комплекс Эквипмент Кампани»";"13.03.2014";"{type=Point, coordinates=[37.53642320771, 55.654881915483]}";
"117";"Автомобильная заправочная станция № 2 «Аванти МТА»";"4539489";"АЗС № 2 «Аванти МТА»";"Северо-Западный административный округ";"район Митино";"Пятницкое шоссе, владение 20";"ООО «Аванти МТА»";"18.03.2014";"{type=Point, coordinates=[37.379629337545, 55.844674833561]}";
"118";"Автомобильная заправочная станция № 31 «СБС»";"4539490";"АЗС № 31 «СБС»";"Северо-Восточный административный округ";"Алексеевский район";"улица Космонавтов, владение 19";"ООО Компания «СБС»";"31.03.2014";"{type=Point, coordinates=[37.662528747735, 55.821462351281]}";
"120";"Автомобильная заправочная станция № 1 «Сокол»";"4539491";"АЗС № 1 «Сокол»";"Новомосковский административный округ";"поселение Московский";"32-й километр Калужского шоссе";"ООО «Сокол»";"10.04.2014";"{type=Point, coordinates=[37.347506417809, 55.509335213702]}";
"126";"Автомобильная заправочная станция «Фирма ОЛА» на Минской улице, дом 4 А";"4539492";"АЗС «Фирма ОЛА» на Минской улице, дом 4А";"Западный административный округ";"район Филёвский Парк";"Минская улица, дом 4А";"ООО «Фирма ОЛА»";"13.05.2014";"{type=Point, coordinates=[37.488581072238, 55.734072743877]}";
"128";"Автомобильна заправочная станция № 566 «Лукойл-Центрнефтепродукт» на 109 километре МКАД, владение 14";"4539493";"АЗС № 566 «Лукойл-Центрнефтепродукт» на 109 километре МКАД, владение 14";"Восточный административный округ";"район Ивановское";"109 километр МКАД, владение 14";"ООО «Лукойл-Центрнефтепродукт»";"03.06.2014";"{type=Point, coordinates=[37.841665582434, 55.779996769091]}";
"132";"Автомобильная заправочная станция «Эконефтепродукт» на Волоколамском шоссе, владение 101";"4539494";"АЗС «Эконефтепродукт» на Волоколамском шоссе, вледение 101";"Северо-Западный административный округ";"район Покровское-Стрешнево";"Волоколамское шоссе, владение 101";"ООО «Эконефтепродукт»";"26.06.2014";"{type=Point, coordinates=[37.398231793688, 55.831280151611]}";
"134";"Автомобильная заправочная станция «Сокол» в посёлке Коммунарка";"4539495";"АЗС «Сокол» в посёлке Коммунарка";"Новомосковский административный округ";"поселение Сосенское";"посёлок Коммунарка поселение Сосенское";"ООО «Сокол»";"01.07.2014";"{type=Point, coordinates=[37.472239833829, 55.576565759076]}";
"137";"Автомобильная заправочная станция «Приоритет - World» на Дмитровском шоссе, дом 64, корпус. 6, строение 1";"4539496";"АЗС «Приоритет - World» на Дмитровском шоссе, дом 64, корпус. 6, строение 1";"Северный административный округ";"Бескудниковский район";"Дмитровское шоссе, дом 64, корпус. 6, строение 1";"ЗАО коммерческо-холдинговая компания «Приоритет - World»";"14.08.2014";"{type=Point, coordinates=[37.563406429431, 55.854366044499]}";
"140";"Автомобильная заправочная станция «Луч» на улице Маршала Воробьева, дом 12, корпус 4";"4539497";"АЗС «Луч» на улице Маршала Воробьёва, дом 12, корпус 4";"Северо-Западный административный округ";"район Строгино";"улица Маршала Воробьёва, дом 12, корпус 4";"ООО «Луч»";"29.08.2017";"{type=Point, coordinates=[37.392020955785, 55.792140569319]}";
"2";"Автомобильная заправочная станция № 15 «ТК Нефтепродуктсервис»";"4539498";"АЗС № 15 «ТК Нефтепродуктсервис»";"Восточный административный округ";"район Вешняки";"Кетчерская улица, дом 5";"ООО «ТК Нефтепродуктсервис»";"25.02.2013";"{type=Point, coordinates=[37.830089221525, 55.746118555004]}";
"4";"Автомобильная заправочная станция № 3 «Сокол»";"4539499";"АЗС № 3 «Сокол»";"Новомосковский административный округ";"поселение Сосенское";"35-й километр Калужского шоссе";"ООО «Сокол»";"26.02.2013";"{type=Point, coordinates=[37.322838860392, 55.486430420701]}";
"7";"Автомобильный заправочный комплекс № 3 «РН-Москва»";"4539500";"АЗК № 3 «РН-Москва»";"Северо-Восточный административный округ";"район Бибирево";"улица Пришвина, владение 6А";"ОАО «РН-Москва»";"19.03.2013";"{type=Point, coordinates=[37.593294373211, 55.889373579295]}";
"9";"Автомобильная заправочная станция № 12 «Транс АЗС»";"4539501";"АЗС № 12 «Транс АЗС»";"Южный административный округ";"Даниловский район";"Крутицкая набережная, дом 13А";"ЗАО «Транс АЗС»";"21.03.2013";"{type=Point, coordinates=[37.658673897458, 55.72129675667]}";
"10";"Автомобильная заправочная станция № 47 «Газпромнефть-Центр»";"4539502";"АЗС № 47 «Газпромнефть-Центр»";"Западный административный округ";"район Проспект Вернадского";"Ленинский проспект, дом 142А";"ООО «Газпромнефть-Центр»";"21.03.2013";"{type=Point, coordinates=[37.504903394299, 55.665662172802]}";
"12";"Автомобильная заправочная станция № 138 «Газпромнефть-Центр»";"4539503";"АЗС № 138 «Газпромнефть-Центр»";"Северо-Восточный административный округ";"Алтуфьевский район";"Алтуфьевское шоссе, владение 10Б";"ООО «Газпромнефть-Центр»";"28.03.2013";"{type=Point, coordinates=[37.588435798614, 55.907389042515]}";
"54";"Автомобильная заправочная станция «ВэСКа» на Краснополянской улице, дом 1";"4539504";"АЗС «ВэСКа» на Краснополянской улице, дом 1";"Северный административный округ";"район Западное Дегунино";"Краснополянская улица, дом 1";"ООО «ВэСКа»";"12.08.2013";"{type=Point, coordinates=[37.484294354865, 55.884537271265]}";
"55";"Автомобильная заправочная станция «Компания ТРАССА» на 43-м километре Калужского шоссе, строение 2";"4539505";"АЗС «Компания ТРАССА» на 43-м километре Калужского шоссе, строение 2";"Троицкий административный округ";"поселение Краснопахорское";"43-й километр Калужского шоссе, строение 2";"ООО «Компания ТРАССА»";"18.04.2017";"{type=Point, coordinates=[37.295262136707, 55.455567914278]}";
"56";"Автомобильная заправочная станция «Транссервис-А.С.» на Краснохоломской набережной, владение 13А";"4539506";"АЗС «Транссервис-А.С.» на Краснохоломской набережной, владение 13А";"Центральный административный округ";"Таганский район";"Краснохолмская набережная, владение 13А";"ООО «Транссервис-А.С.»";"22.08.2013";"{type=Point, coordinates=[37.651331065513, 55.732444129682]}";
"57";"Автомобильная заправочная станция «ОЙЛ-ТРАСТ» на 35-м километре Московской Кольцевой Автодороги, владение 6";"4539507";"АЗС «ОЙЛ-ТРАСТ» на 35-м километре Московской Кольцевой Автодороги, владение 6";"Юго-Западный административный округ";"район Ясенево";"35-й километр Московской Кольцевой Автодороги, владение 6";"ООО «ОЙЛ-ТРАСТ»";"29.08.2013";"{type=Point, coordinates=[37.533993149942, 55.590762610728]}";
"62";"Автомобильная заправочная станция № 520 «Лукойл-ЦНП»";"4539508";"АЗС № 520 «Лукойл-ЦНП»";"Юго-Восточный административный округ";"район Текстильщики";"Грайвороновская улица, дом 1";"ООО «Лукойл-ЦНП»";"10.09.2013";"{type=Point, coordinates=[37.725192934953, 55.716212548629]}";
"67";"Автомобильная заправочная станция «Россервис» на Можайском шоссе, владение 55";"4539509";"АЗС «Россервис» на Можайском шоссе, владение 55";"Западный административный округ";"Можайский район";"Можайское шоссе, владение 55";"ООО «Россервис»";"26.09.2013";"{type=Point, coordinates=[37.390840707395, 55.713693396262]}";
"68";"Автомобильная заправочная станция № 18 «АЗС-Регион»";"4539510";"АЗС № 18 «АЗС-Регион»";"Троицкий административный округ";"поселение Троицк";"город Троицк, микрорайон В, дом 63";"ООО «АЗС-Регион»";"01.10.2013";"{type=Point, coordinates=[37.42164458859, 55.388155237]}";
"71";"Автомобильная заправочная станция № 597 «Лукойл-ЦНП»";"4539511";"АЗС № 597 «Лукойл-ЦНП»";"Южный административный округ";"Нагорный район";"Варшавское шоссе, владение 24А";"ООО «Лукойл-ЦНП»";"08.10.2013";"{type=Point, coordinates=[37.62225233121, 55.685864050828]}";
"76";"Автомобильная заправочная станция № 3 «Меркурий»";"4539512";"АЗС № 3 «Меркурий»";"Северо-Западный административный округ";"район Митино";"Пятницкое шоссе, дом 1";"ЗАО фирма «Меркурий»";"12.11.2013";"{type=Point, coordinates=[37.38714097251, 55.835458758646]}";
"78";"Автомобильная заправочная станция № 2 «Меркурий»";"4539513";"АЗС № 2 «Меркурий»";"Северо-Западный административный округ";"район Северное Тушино";"71-й километр Московской Кольцевой Автодороги, владение 9";"ЗАО фирма «Меркурий»";"12.11.2013";"{type=Point, coordinates=[37.400686067563, 55.863964863548]}";
"79";"Автомобильная заправочная станция «Альянс» на Варшавском шоссе, владение 206А, строение 1";"4539514";"АЗС «Альянс» на Варшавском шоссе, владение 206А, строение 1";"Юго-Западный административный округ";"район Южное Бутово";"Варшавское шоссе, владение 206А, строение 1";"ООО «Альянс»";"14.11.2013";"{type=Point, coordinates=[37.58152836362, 55.535806758096]}";
"82";"Автомобильная заправочная станция № 6 «Компания ТРАССА»";"4539515";"АЗС № 6 «Компания ТРАССА»";"Новомосковский административный округ";"поселение Московский";"37-й километр Киевского шоссе";"ООО «Компания ТРАССА»";"14.04.2017";"{type=Point, coordinates=[37.18549776383, 55.566316941044]}";
"83";"Автомобильная заправочная станция № 6 «ОЙЛ-ТРАСТ»";"4539516";"АЗС № 6 «ОЙЛ-ТРАСТ»";"Южный административный округ";"район Бирюлёво Восточное";"Загорьевский проезд, владение 12";"ООО «ОЙЛ-ТРАСТ»";"10.12.2013";"{type=Point, coordinates=[37.684147790612, 55.577671177591]}";
"89";"Автомобильная заправочная станция «Транссервис-А.С.» на Гончарной набережной, владение 9, строение 2";"4539517";"АЗС «Транссервис-А.С.» на Гончарной набережной, владение 9, строение 2";"Центральный административный округ";"Таганский район";"Гончарная набережная, владение 9, строение 2";"ООО «Транссервис-А.С.»";"06.02.2014";"{type=Point, coordinates=[37.648293221288, 55.736749875438]}";
"92";"Автомобильная заправочная станция № 235 «Татнефть-АЗС-Запад»";"4539518";"АЗС № 235 «Татнефть-АЗС-Запад»";"Западный административный округ";"район Фили-Давыдково";"Кутузовский проспект, владение 72";"ООО «Татнефть-АЗС-Запад»";"04.03.2014";"{type=Point, coordinates=[37.462253204733, 55.727201168572]}";
"94";"Автомобильная заправочная станция № 208 «Татнефть-АЗС-Запад»";"4539519";"АЗС № 208 «Татнефть-АЗС-Запад»";"Западный административный округ";"Можайский район";"улица Маршала Неделина, владение 18";"ООО «Татнефть-АЗС-Запад»";"04.03.2014";"{type=Point, coordinates=[37.410815771746, 55.725589333891]}";
"96";"Многофункциональный автомобильный заправочный комплекс «Медведково» «Петрол Комплекс Эквипмент Кампани»";"4539520";"МАЗК «Медведково» «Петрол Комплекс Эквипмент Кампани»";"Северо-Восточный административный округ";"район Бибирево";"87-й километр Московской Кольцевой Автодороги, владение 14";"ЗАО «Петрол Комплекс Эквипмент Кампани»";"05.03.2014";"{type=Point, coordinates=[37.631933263886, 55.898447674738]}";
"97";"Многофункциональный автомобильный заправочный комплекс «Гольяново» «Петрол Комплекс Эквипмент Кампани»";"4539521";"МАЗК «Гольяново» «Петрол Комплекс Эквипмент Кампани»";"Восточный административный округ";"район Гольяново";"102-й километр Московской Кольцевой Автодороги, владение 20";"ЗАО «Петрол Комплекс Эквипмент Кампани»";"05.03.2014";"{type=Point, coordinates=[37.833814841595, 55.82503803127]}";
"99";"Многофункциональный автомобильный заправочный комплекс «Саяны» «Петрол Комплекс Эквипмент Кампани»";"4539522";"МАЗК «Саяны» «Петрол Комплекс Эквипмент Кампани»";"Северо-Восточный административный округ";"Ярославский район";"Ярославское шоссе, владение 116";"ЗАО «Петрол Комплекс Эквипмент Кампани»";"05.03.2014";"{type=Point, coordinates=[37.708576853142, 55.867594707393]}";
"100";"Автомобильная заправочная станция № 261 «Татнефть-АЗС-Запад»";"4539523";"АЗС № 261 «Татнефть-АЗС-Запад»";"Центральный административный округ";"район Замоскворечье";"Жуков проезд, владение 15А";"ООО «Татнефть-АЗС-Запад»";"06.03.2014";"{type=Point, coordinates=[37.638492032116, 55.723309393597]}";
"108";"Автомобильная заправочная станция № 85 «Татнефть-АЗС-Запад»";"4539524";"АЗС № 85 «Татнефть-АЗС-Запад»";"Восточный административный округ";"район Новокосино";"4-й километр Московской Кольцевой Автодороги";"ООО «Татнефть-АЗС-Запад»";"12.03.2014";"{type=Point, coordinates=[37.842568648178, 55.744847475969]}";
"116";"Автомобильная заправочная станция № 1 «Аванти МТА»";"4539525";"АЗС № 1 «Аванти МТА»";"Северо-Западный административный округ";"район Щукино";"улица Берзарина, дом 26, корпус 1";"ООО «Аванти МТА»";"18.03.2014";"{type=Point, coordinates=[37.476602651346, 55.788891757295]}";
"122";"Автомобильная заправочная станция № 7 «Транссервис-А.С.»";"4539526";"АЗС № 7 «Транссервис-А.С.»";"Центральный административный округ";"Таганский район";"Волгоградский проспект, владение 1";"ООО «Транссервис-А.С.»";"15.04.2014";"{type=Point, coordinates=[37.670913532197, 55.731913659544]}";
"123";"Автомобильная заправочная станция «Транссервис-А.С.» на Пролетарском проспекте, владение 30А";"4539527";"АЗС «Транссервис-А.С.» на Пролетарском проспекте, владение 30А";"Южный административный округ";"район Царицыно";"Пролетарский проспект, владение 30А";"ООО «Транссервис-А.С.»";"17.04.2014";"{type=Point, coordinates=[37.660130286396, 55.630920260719]}";
"124";"Автомобильная заправочная станция «Вектор» на Пятницком шоссе, дом 2";"4539528";"АЗС «Вектор» на Пятницком шоссе, дом 2";"Северо-Западный административный округ";"район Митино";"Пятницкое шоссе, дом 2";"ООО «Вектор»";"22.04.2014";"{type=Point, coordinates=[37.388791806086, 55.835168894295]}";
"125";"Автомобильная заправочная станция «Фортекс» на Алтуфьевском шоссе, дом 77Б";"4539529";"АЗС «Фортекс» на Алтуфьевском шоссе, дом 77Б";"Северо-Восточный административный округ";"Алтуфьевский район";"Алтуфьевское шоссе, дом 77Б";"ООО «Фортекс»";"24.04.2014";"{type=Point, coordinates=[37.586020153938, 55.877262624785]}";
"130";"Автомобильная заправочная станция «Академическая» на проспекте 60-ти летия Октября, владение 8, строение 1";"4539530";"АЗС «Академическая» на проспекте 60-ти летия Октября, владение 8, строение 1";"Юго-Западный административный округ";"Академический район";"проспект 60-ти летия Октября, владение 8, строение 1";"ОАО «РН-Столица»";"19.06.2014";"{type=Point, coordinates=[37.577405183633, 55.697915454001]}";
"135";"Автомобильная заправочная станция «Приоритет - World» на Южнопортовой улице, дом 19Б";"4539531";"АЗС «Приоритет - World» на Южнопортовой улице, дом 19Б";"Юго-Восточный административный округ";"район Печатники";"Южнопортовая улица, дом 19Б";"ЗАО коммерческо-холдинговая компания «Приоритет - World»";"14.08.2014";"{type=Point, coordinates=[37.703003158442, 55.706519153773]}";
"138";"Автомобильная заправочная станция ПКП «КАРТЕКС» на улице Садовники, дом 11А, строение 1";"4539532";"АЗС ПКП «КАРТЕКС» на улице Садовники, дом 11А, строение 1";"Южный административный округ";"район Нагатино-Садовники";"улица Садовники, дом 11А, строение 1";"ООО ПКП «КАРТЕКС»";"21.08.2014";"{type=Point, coordinates=[37.656412766589, 55.674206065869]}";
"142";"Автомобильная заправочная станция «Нефтьмагистраль» на Южнопортовой улице, дом 38Б";"4539533";"АЗС «Нефтьмагистраль» на Южнопортовой улице, дом 38Б";"Юго-Восточный административный округ";"район Печатники";"Южнопортовая улица, дом 38Б";"ООО «ТД Нефтьмагистраль»";"30.09.2014";"{type=Point, coordinates=[37.709285579354, 55.698039799808]}";
"8";"Автомобильная заправочная станция «Авто-Сервис» на 3-й Парковой улице, дом 55";"4539534";"АЗС «Авто-Сервис» на 3-й Парковой улице, дом 55";"Восточный административный округ";"район Северное Измайлово";"3-я Парковая улица, дом 55";"ООО «Авто-Сервис»";"19.03.2013";"{type=Point, coordinates=[37.78099402408, 55.805000812134]}";
"13";"Автомобильный заправочный комплекс № 2 «РН-Москва»";"4539535";"АЗК № 2 «РН-Москва»";"Северо-Восточный административный округ";"Алтуфьевский район";"Алтуфьевское шоссе, владение 19";"ОАО «РН-Москва»";"04.04.2013";"{type=Point, coordinates=[37.58032946014, 55.855655351205]}";
"18";"Автомобильная заправочная станция № 544 «Лукойл-Центрнефтепродукт»";"4539536";"АЗС № 544 «Лукойл-Центрнефтепродукт»";"Северный административный округ";"район Сокол";"улица Зорге, дом 23, сооружение 1";"ООО «Лукойл-Центрнефтепродукт»";"10.04.2013";"{type=Point, coordinates=[37.504097064673, 55.794714140481]}";
"24";"Автомобильный заправочный комплекс № 76 «РН-Москва»";"4539537";"АЗК № 76 «РН-Москва»";"Юго-Восточный административный округ";"район Люблино";"11-й километр Московской Кольцевой Автодороги";"ОАО «РН-Москва»";"23.04.2013";"{type=Point, coordinates=[37.828991563552, 55.6893428525]}";
"28";"Автомобильная заправочная станция № 104 «Газпромнефть-Центр»";"4539538";"АЗС № 104 «Газпромнефть-Центр»";"Юго-Западный административный округ";"Академический район";"улица Дмитрия Ульянова, дом 9А";"ООО «Газпромнефть-Центр»";"29.04.2013";"{type=Point, coordinates=[37.566206939508, 55.690804672738]}";
"30";"Автомобильный заправочный комплекс № 7 «Валар»";"4539539";"АЗК № 7 «Валар»";"Юго-Западный административный округ";"район Котловка";"Нахимовский проспект, дом 10, строение 1";"ООО «Валар»";"14.05.2013";"{type=Point, coordinates=[37.597454400262, 55.666310248857]}";
"37";"Автомобильный заправочный комплекс № 6 «Валар»";"4539540";"АЗК № 6 «Валар»";"Восточный административный округ";"район Соколиная Гора";"улица Уткина, дом 45Б";"ООО «Валар»";"21.05.2013";"{type=Point, coordinates=[37.745069237046, 55.761199854536]}";
"40";"Автомобильная заправочная станция «Буран-Петрол» на 58-м километре Калужского шоссе";"4539541";"АЗС «Буран-Петрол» на 58-м километре Калужского шоссе";"Троицкий административный округ";"поселение Вороновское";"58-й километр Калужского шоссе";"ООО «Буран-Петрол»";"28.05.2013";"{type=Point, coordinates=[37.165233581895, 55.328611205056]}";
"41";"Автомобильная заправочная станция «Кузин А.А.» на Симферопольском шоссе, владение 1, строение 1";"4539542";"АЗС «Кузин А.А.» на Симферопольском шоссе, владение 1, строение 1";"Новомосковский административный округ";"поселение Щербинка";"Симферопольское шоссе, владение 1, строение 1";"ИП Кузин А.А.";"28.05.2013";"{type=Point, coordinates=[37.741190774834, 55.803560395521]}";
"43";"Автомобильная заправочная станция «Альфа-Петрол» на улице Генерала Белобородова, строение 40";"4539543";"АЗС «Альфа-Петрол» на улице Генерала Белобородова, строение 40";"Северо-Западный административный округ";"район Митино";"улица Генерала Белобородова, строение 40";"ООО «Альфа-Петрол»";"11.06.2013";"{type=Point, coordinates=[37.353271175455, 55.825984391136]}";
"48";"Автомобильная заправочная станция «Бондаренко А.В.» на 34-м километре Киевского шоссе";"4539544";"АЗС «Бондаренко А.В.» на 34-м километре Киевского шоссе";"Новомосковский административный округ";"поселение Московский";"34-й километр Киевского шоссе";"ИП Бондаренко А.В.";"12.07.2013";"{type=Point, coordinates=[37.237307407576, 55.578730594192]}";
"51";"Автомобильная заправочная станция «САГАН» на Симферопольском шоссе, владение 16А";"4539545";"АЗС «САГАН» на Симферопольском шоссе, владение 16А";"Новомосковский административный округ";"поселение Щербинка";"Симферопольское шоссе, владение 16А";"ООО «САГАН»";"08.08.2013";"{type=Point, coordinates=[37.558711882464, 55.501879196042]}";
"60";"Автомобильная заправочная станция «Нефтепродуктсервис» на Осташковской улице, владение 18А";"4539546";"АЗС «Нефтепродуктсервис» на Осташковской улице, владение 18А";"Северо-Восточный административный округ";"район Северное Медведково";"Осташковская улица, владение 18А";"ООО «Нефтепродуктсервис»";"02.09.2013";"{type=Point, coordinates=[37.677196133853, 55.88539256095]}";
"64";"Автомобильная заправочная станция «АЗС-Регион» в деревне Троицкое";"4539547";"АЗС «АЗС-Регион» в деревне Троицкое";"Троицкий административный округ";"поселение Щаповское";"деревня Троицкое";"ООО «АЗС-Регион»";"12.09.2013";"{type=Point, coordinates=[37.741190774834, 55.803560395521]}";
"65";"Автомобильная заправочная станция № 11 «ОЙЛ-ТРАСТ»";"4539548";"АЗС № 11 «ОЙЛ-ТРАСТ»";"Западный административный округ";"район Очаково-Матвеевское";"52-й километр Московской Кольцевой Автодороги, владение 4";"ООО «ОЙЛ-ТРАСТ»";"26.09.2013";"{type=Point, coordinates=[37.402042327594, 55.700633954944]}";
"66";"Автомобильная заправочная станция «Интертрест-Ойл» на 53-м километре Московской Кольцевой Автодороги, владение 6Б";"4539549";"АЗС «Интертрест-Ойл» на 53-м километре Московской Кольцевой Автодороги, владение 6Б";"Западный административный округ";"Можайский район";"53-й километр Московской Кольцевой Автодороги, владение 6Б";"ООО «Интертрест-Ойл»";"26.09.2013";"{type=Point, coordinates=[37.394491936368, 55.706537377802]}";
"70";"Автомобильная заправочная станция «Спрут» в деревне Ясенки";"4539550";"АЗС «Спрут» в деревне Ясенки";"Троицкий административный округ";"поселение Вороновское";"деревня Ясенки";"ООО «Спрут»";"08.10.2013";"{type=Point, coordinates=[37.11794753315, 55.273968414099]}";
"73";"Автомобильная заправочная станция № 5 «Меркурий»";"4539551";"АЗС № 5 «Меркурий»";"Северо-Западный административный округ";"район Южное Тушино";"Походный проезд, дом 12";"ЗАО фирма «Меркурий»";"07.11.2013";"{type=Point, coordinates=[37.415964385921, 55.837559156389]}";
"74";"Автомобильная заправочная станция № 4 «Меркурий»";"4539552";"АЗС № 4 «Меркурий»";"Северо-Западный административный округ";"район Южное Тушино";"Строительный проезд, дом 6, строение 1";"ЗАО фирма «Меркурий»";"07.11.2013";"{type=Point, coordinates=[37.429149101322, 55.838575159755]}";
"77";"Автомобильная заправочная станция № 6 «Меркурий»";"4539553";"АЗС № 6 «Меркурий»";"Северо-Западный административный округ";"район Митино";"улица Барышиха, владение 3";"ЗАО фирма «Меркурий»";"12.11.2013";"{type=Point, coordinates=[37.369373857723, 55.840315869937]}";
"81";"Автомобильная заправочная станция № 5 «Компания ТРАССА»";"4539554";"АЗС № 5 «Компания ТРАССА»";"Новомосковский административный округ";"поселение Московский";"38-й километр Киевского шоссе";"ООО «Компания ТРАССА»";"14.04.2017";"{type=Point, coordinates=[37.17465994171, 55.564347237785]}";
"84";"Автомобильная заправочная станция № 33 «Компания ТРАССА»";"4539555";"АЗС № 33 «Компания ТРАССА»";"Троицкий административный округ";"поселение Краснопахорское";"деревня Софьино";"ООО «Компания ТРАССА»";"17.12.2013";"{type=Point, coordinates=[37.331149510245, 55.432856749175]}";
"85";"Автомобильная заправочная станция «МАС» на проспекте Вернадского, владение 10А";"4539556";"АЗС «МАС» на проспекте Вернадского, владение 10А";"Западный административный округ";"район Раменки";"проспект Вернадского, владение 10А";"ООО «МАС»";"14.01.2014";"{type=Point, coordinates=[37.519982381164, 55.688595916357]}";
"95";"Автомобильная заправочная станция № 28 «Татнефть-АЗС-Запад»";"4539557";"АЗС № 28 «Татнефть-АЗС-Запад»";"Западный административный округ";"Можайский район";"Рябиновая улица, дом 12";"ООО «Татнефть-АЗС-Запад»";"04.03.2014";"{type=Point, coordinates=[37.422283151883, 55.714517358871]}";
"102";"Автомобильная заправочная станция № 263 «Татнефть-АЗС-Запад»";"4539558";"АЗС № 263 «Татнефть-АЗС-Запад»";"Юго-Восточный административный округ";"район Печатники";"1-й Угрешский проезд, владение 10";"ООО «Татнефть-АЗС-Запад»";"06.03.2014";"{type=Point, coordinates=[37.689827792342, 55.71680570675]}";
"106";"Многофункциональный автомобильный заправочный комплекс «Рублевская» «Петрол Комплекс Эквипмент Кампани»";"4539559";"МАЗК «Рублевская» «Петрол Комплекс Эквипмент Кампани»";"Западный административный округ";"район Крылатское";"60-й километр Московской Кольцевой Автодороги, владение 4Б";"ЗАО «Петрол Комплекс Эквипмент Кампани»";"11.03.2014";"{type=Point, coordinates=[37.371509062987, 55.767258985118]}";
"107";"Многофункциональный автомобильный заправочный комплекс «Химки» «Петрол Комплекс Эквипмент Кампани»";"4539560";"МАЗК «Химки» «Петрол Комплекс Эквипмент Кампани»";"Северо-Западный административный округ";"район Северное Тушино";"74-й километр Московской Кольцевой Автодороги, владение 5";"ЗАО «Петрол Комплекс Эквипмент Кампани»";"11.03.2014";"{type=Point, coordinates=[37.428322699366, 55.877157347238]}";
"111";"Автомобильная заправочная станция № 83 «Татнефть-АЗС-Запад»";"4539561";"АЗС № 83 «Татнефть-АЗС-Запад»";"Восточный административный округ";"район Гольяново";"Щёлковское шоссе, дом 93А";"ООО «Татнефть-АЗС-Запад»";"12.03.2014";"{type=Point, coordinates=[37.827753875815, 55.813532169553]}";
"113";"Многофункциональный автомобильный заправочный комплекс «Донская» «Петрол Комплекс Эквипмент Кампани»";"4539562";"МАЗК «Донская» «Петрол Комплекс Эквипмент Кампани»";"Южный административный округ";"Донской район";"Загородное шоссе, дом 2Б";"ЗАО «Петрол Комплекс Эквипмент Кампани»";"13.03.2014";"{type=Point, coordinates=[37.604985542279, 55.701196047513]}";
"115";"Многофункциональный автомобильный заправочный комплекс «Беляево» «Петрол Комплекс Эквипмент Кампани»";"4539563";"МАЗК «Беляево» «Петрол Комплекс Эквипмент Кампани»";"Юго-Западный административный округ";"район Коньково";"Профсоюзная улица, дом 67А";"ЗАО «Петрол Комплекс Эквипмент Кампани»";"13.03.2014";"{type=Point, coordinates=[37.534712474545, 55.650574750363]}";
"119";"Автомобильная заправочная станция «Ойл Сити» на Новосущёвской улице, владение 5, строение 1";"4539564";"АЗС «Ойл Сити» на Новосущёвской улице, владение 5, строение 1";"Центральный административный округ";"Тверской район";"Новосущёвская улица, владение 5, строение 1";"ООО «Ойл Сити»";"08.04.2014";"{type=Point, coordinates=[37.604294797629, 55.783603256761]}";
"121";"Автомобильная заправочная станция № 5 «Транссервис-А.С.»";"4539565";"АЗС № 5 «Транссервис-А.С.»";"Центральный административный округ";"Таганский район";"Гончарная набережная, владение 9, строение 2";"ООО «Транссервис-А.С.»";"15.04.2014";"{type=Point, coordinates=[37.648293221288, 55.736749875438]}";
"129";"Автомобильная заправочная станция № 1 «ПЕТРОЛ РЕСУРС» на Саввинской набережной, дом 7А";"4539566";"АЗС № 1 «ПЕТРОЛ РЕСУРС» на Саввинской набережной, дом 7А";"Центральный административный округ";"район Хамовники";"Саввинская набережная, дом 7А";"ООО «ПЕТРОЛ РЕСУРС»";"10.06.2014";"{type=Point, coordinates=[37.569311091685, 55.737562284863]}";
"131";"Автомобильная заправочная станция № 1 «ТСК-МАКС» на Балаклавском проспекте, владение 11";"4539567";"АЗС № 1 «ТСК-МАКС» на Балаклавском проспекте, владение 11";"Южный административный округ";"район Чертаново Северное";"Балаклавский проспект, владение 11";"ЗАО «ТСК -МАКС»";"19.06.2014";"{type=Point, coordinates=[37.593341638094, 55.641532799848]}";
"133";"Автомобильная заправочная станция «Академавтотранс» на улице Вавилова, дом 21";"4539568";"АЗС «Академавтотранс» на улице Вавилова, дом 21";"Юго-Западный административный округ";"Академический район";"улица Вавилова, дом 21";"ФГБУ ПОАТ УД РАН «Академавтотранс»";"01.07.2014";"{type=Point, coordinates=[37.575752040733, 55.699284125665]}";
"136";"Автомобильная заправочная станция № 125 ООО «Интертрест-Ойл» на Московской кольцевой автомобильной дороге 53 километр";"4539569";"АЗС № 125 ООО «Интертрест-Ойл» на Московской кольцевой автомобильной дороге 53 километр";"Западный административный округ";"Можайский район";" Московская кольцевая автомобильная дорога, 53 километр";"ООО «Интертрест-Ойл»";"14.08.2014";"{type=Point, coordinates=[37.393867619093, 55.706701304825]}";
"141";"Автомобильная заправочная станция «ТрансАЗС» на 1-м Красногвардейском проезде, дом 4А";"4539570";"АЗС «ТрансАЗС» на 1-м Красногвардейском проезде, дом 4А";"Центральный административный округ";"Пресненский район";"1-й Красногвардейский проезд, дом 4А";"ЗАО «ТрансАЗС»";"11.09.2014";"{type=Point, coordinates=[37.547313836901, 55.754654136533]}";
"143";"Автомобильная заправочная станция «Сети» на Южнопортовой улице, владение 17Д, строение 1";"4539571";"АЗС «Сети» на Южнопортовой улице, владение 17Д, строение 1";"Юго-Восточный административный округ";"район Печатники";"Южнопортовая улица, владение 17Д, строение 1";"ЗАО «Сети»";"30.09.2014";"{type=Point, coordinates=[37.702734144245, 55.70435344605]}";
"144";"Автомобильная заправочная станция № 12 «РН-Москва» на улице Айвазовского, владение 2А";"13409149";"АЗС № 12 «РН-Москва» на улице Айвазовского, владение 2А";"Юго-Западный административный округ";"район Ясенево";"улица Айвазовского, владение 2А";"ОАО «РН-Москва»";"06.11.2014";"{type=Point, coordinates=[37.542823370618, 55.62001335386]}";
"145";"Автомобильная заправочная станция «Интернешнл Петролиум Сервис» на улице Борисовские пруды, дом 1Г, сооружение 1";"13532286";"АЗС «Интернешнл Петролиум Сервис» на улице Борисовские пруды, дом 1Г, сооружение 1";"Южный административный округ";"район Москворечье-Сабурово";"улица Борисовские пруды, дом 1Г, сооружение 1";"ООО «Интернешнл Петролиум Сервис»";"06.11.2014";"{type=Point, coordinates=[37.704242108771, 55.636114597229]}";
"146";"Автомобильная заправочная станция «Фортекс» на Сетуньском 1-м проезде, корпус 2, строение 1";"13532290";"АЗС «Фортекс» на Сетуньском 1-м проезде, корпус 2, строение 1";"Западный административный округ";"район Раменки";"Сетуньский 1-й проезд, корпус 2, строение 1";"ООО «Фортекс»";"13.11.2014";"{type=Point, coordinates=[37.542628461535, 55.731795463809]}";
"147";"Автомобильная заправочная станция «Фортекс» на Алтуфьевском шоссе, владение 77Б";"13532292";"АЗС «Фортекс» на Алтуфьевском шоссе, владение 77Б";"Северо-Восточный административный округ";"Алтуфьевский район";"Алтуфьевское шоссе, владение 77Б";"ООО «Фортекс»";"13.11.2014";"{type=Point, coordinates=[37.58592863175, 55.877089090966]}";
"148";"Автомобильная заправочная станция «Влата» на Ореховом бульваре, дом 27, корпус 1";"13532294";"АЗС «Влата» на Ореховом бульваре, дом 27, корпус 1";"Южный административный округ";"район Зябликово";" Ореховый бульвар, дом 27, корпус 1";"ЗАО «Влата»";"25.11.2014";"{type=Point, coordinates=[37.731057701054, 55.613658616437]}";
"149";"Автомобильная заправочная станция «Спурт-94» на улице Барышиха, владение 41";"13532297";"АЗС «Спурт-94» на улице Барышиха, владение 41";"Северо-Западный административный округ";"район Митино";"улица Барышиха, владение 41";"ЗАО «Спурт-94»";"02.12.2014";"{type=Point, coordinates=[37.341631884592, 55.853565481252]}";
"150";"Автомобильная заправочная станция «Фирма «Интероргсинтез» на Лианозовском проезде, владение 12";"13532301";"АЗС «Фирма «Интероргсинтез» на Лианозовском проезде, владение 12";"Северо-Восточный административный округ";"район Лианозово";"Лианозовский проезд, владение 12";"ООО «Фирма «Интероргсинтез»";"09.12.2014";"{type=Point, coordinates=[37.545990577089, 55.900812647688]}";
"151";"Автомобильная заправочная станция «Компания «Лема» на 67-м километре Московской Кольцевой Автодороги, дом 7";"13532307";"АЗС «Компания «Лема» на 67-м километре Московской Кольцевой Автодороги, дом 7";"Северо-Западный административный округ";"район Митино";"67-й километр Московской Кольцевой Автодороги, дом 7";"ЗАО «Компания «Лема»";"16.12.2014";"{type=Point, coordinates=[37.394075659923, 55.834948825205]}";
"152";"Автомобильная заправочная станция «Титан» на Каширском шоссе, владение 23А";"13532310";"АЗС «Титан» на Каширском шоссе, владение 23А";"Южный административный округ";"район Нагатино-Садовники";"Каширское шоссе, владение 23А";"ООО ОНЦ «Титан»";"13.02.2015";"{type=Point, coordinates=[37.640501550071, 55.659145392817]}";
"153";"Автомобильная заправочная станция «АрфаПлюс» на 74-м километре Московской Кольцевой Автодороги, владение 4";"13894329";"АЗС «АрфаПлюс» на 74-м километре Московской Кольцевой Автодороги, владение 4";"Северо-Западный административный округ";"район Куркино";"74-й километр Московской Кольцевой Автодороги, владение 4";"ООО «АрфаПлюс»";"24.03.2015";"{type=Point, coordinates=[37.424575255382, 55.876121088868]}";
"154";"Автомобильная заправочная станция «Комплект-Ойл» на 1-м километре Симферопольского шоссе, дом 1";"13894330";"АЗС «Комплект-Ойл» на 1-м километре Симферопольского шоссе, дом 1";"Юго-Западный административный округ";"район Южное Бутово";"1-й километр Симферопольского шоссе, дом 1";"ООО «Комплект-Ойл»";"26.03.2015";"{type=Point, coordinates=[37.575520203286, 55.512870689928]}";
"155";"Автомобильная заправочная станция «ЛатрансКо» в поселке Шишкин Лес";"13894342";"АЗС «ЛатрансКо» в поселке Шишкин Лес";"Троицкий административный округ";"поселение Михайлово-Ярцевское";"поселок Шишкин Лес";"ООО «ЛатрансКо»";"02.04.2015";"{type=Point, coordinates=[37.190919486857, 55.416055600563]}";
"156";"Автомобильная заправочная станция «Ресурс-Трейдинг» в городе Троицк на 41-м километре Калужского шоссе";"14154623";"АЗС «Ресурс-Трейдинг» в городе Троицк на 41-м километре Калужского шоссе";"Троицкий административный округ";"поселение Троицк";"город Троицк, 41-й километр Калужского шоссе";"ООО «Ресурс-Трейдинг»";"23.04.2015";"{type=Point, coordinates=[37.300420991961, 55.464275369079]}";
"157";"Автомобильная заправочная станция «Шелл Нефть» на улице Привольная, дом 70";"14154627";"АЗС «Шелл Нефть» на улице Привольная, дом 70";"Юго-Восточный административный округ";"район Выхино-Жулебино";"улица Привольная, дом 70";"ООО «Шелл Нефть»";"28.04.2015";"{type=Point, coordinates=[37.853324154162, 55.678307936974]}";
"158";"Автомобильная заправочная станция «Шелл Нефть» на Лермонтовском проспекте, владение 151-157";"14154628";"АЗС «Шелл Нефть» на Лермонтовском проспекте, владение 151-157";"Юго-Восточный административный округ";"район Выхино-Жулебино";"Лермонтовский проспект, владение 151-157";"ООО «Шелл Нефть»";"28.04.2015";"{type=Point, coordinates=[37.857414099953, 55.700964851073]}";
"159";"Автомобильная заправочная станция «Шелл Нефть» на улице Привольной, дом 4, корпус 2";"14154629";"АЗС «Шелл Нефть» на улице Привольной, дом 4, корпус 2";"Юго-Восточный административный округ";"район Выхино-Жулебино";"улица Привольная, дом 4, корпус 2";"ООО «Шелл Нефть»";"28.04.2015";"{type=Point, coordinates=[37.839929958976, 55.702863864121]}";
"160";"Автомобильная заправочная станция «Шелл Нефть» на улице Каскадной, владение 21";"14154630";"АЗС «Шелл Нефть» на улице Каскадной, владение 21";"Восточный административный округ";"район Косино-Ухтомский";"улица Каскадная, владение 21";"ООО «Шелл Нефть»";"28.04.2015";"{type=Point, coordinates=[37.871720142193, 55.708609078648]}";
"161";"Автомобильная заправочная станция «Шелл Нефть» на Аминьевском шоссе, владение 33";"14154633";"АЗС «Шелл Нефть» на Аминьевском шоссе, владение 33";"Западный административный округ";"Можайский район";"Аминьевское шоссе, владение 33";"ООО «Шелл Нефть»";"30.04.2015";"{type=Point, coordinates=[37.450090949359, 55.719303159278]}";
"162";"Автомобильная заправочная станция «Шелл Нефть» на Ленинградском шоссе, владение 227";"14154635";"АЗС «Шелл Нефть» на Ленинградском шоссе, владение 227";"Северный административный округ";"Молжаниновский район";"Ленинградское шоссе, владение 227";"ООО «Шелл Нефть»";"30.04.2015";"{type=Point, coordinates=[37.365265577734, 55.93926414501]}";
"163";"Автомобильная заправочная станция «Шелл Нефть» на Сельскохозяйственной улице, дом 40";"14154643";"АЗС «Шелл Нефть» на Сельскохозяйственной улице, дом 40";"Северо-Восточный административный округ";"район Свиблово";"Сельскохозяйственная улица, дом 40";"ООО «Шелл Нефть»";"05.05.2015";"{type=Point, coordinates=[37.627695935993, 55.848258954923]}";
"164";"Автомобильная заправочная станция «Шелл Нефть» на Большой Оленьей улице, владение 18";"14154644";"АЗС «Шелл Нефть» на Большой Оленьей улице, владение 18";"Восточный административный округ";"район Сокольники";"Большая Оленья улица, владение 18";"ООО «Шелл Нефть»";"05.05.2015";"{type=Point, coordinates=[37.689776446874, 55.811684064748]}";
"165";"Автомобильная заправочная станция «Шелл Нефть» в Юрьевском переулке, дом 17, владение 1";"14154645";"АЗС «Шелл Нефть» в Юрьевском переулке, дом 17, владение 1";"Юго-Восточный административный округ";"район Лефортово";"Юрьевский переулок, дом 17, владение 1";"ООО «Шелл Нефть»";"05.05.2015";"{type=Point, coordinates=[37.718832801247, 55.763337961791]}";
"166";"Автомобильная заправочная станция «Шелл Нефть» на Каширском шоссе, владение 150";"14154646";"АЗС «Шелл Нефть» на Каширском шоссе, владение 150";"Южный административный округ";"район Орехово-Борисово Южное";"Каширское шоссе, владение 150";"ООО «Шелл Нефть»";"07.05.2015";"{type=Point, coordinates=[37.726349613633, 55.594298169718]}";
"167";"Автомобильная заправочная станция «Шелл Нефть» на улице Марьинский парк, дом 12";"14154647";"АЗС «Шелл Нефть» на улице Марьинский парк, дом 12";"Юго-Восточный административный округ";"район Марьино";"улица Марьинский парк, дом 12";"ООО «Шелл Нефть»";"07.05.2015";"{type=Point, coordinates=[37.781055956079, 55.660710285233]}";
"168";"Автомобильная заправочная станция «Шелл Нефть» на улице Перерва, дом 65, строение 1";"14154648";"АЗС «Шелл Нефть» на улице Перерва, дом 65, строение 1";"Юго-Восточный административный округ";"район Марьино";"улица Перерва, дом 65, строение 1";"ООО «Шелл Нефть»";"07.05.2015";"{type=Point, coordinates=[37.766046309844, 55.667640079494]}";
"169";"Автомобильная заправочная станция «Шелл Нефть» на Волгоградском проспекте, владение 79, строение 1";"14154649";"АЗС «Шелл Нефть» на Волгоградском проспекте, владение 79, строение 1";"Юго-Восточный административный округ";"район Текстильщики";"Волгоградский проспект, владение 79, строение 1";"ООО «Шелл Нефть»";"07.05.2015";"{type=Point, coordinates=[37.744321888705, 55.708712400352]}";
"171";"Автомобильная заправочная станция «Опора» в городе Троицк, микрорайон В, дом 63";"14155100";"АЗС «Опора» в городе Троицк, микрорайон В, дом 63";"Троицкий административный округ";"поселение Троицк";"город Троицк, микрорайон В, дом 63";"ООО «Опора»";"26.05.2016";"{type=Point, coordinates=[37.296688070614, 55.492873422222]}";
"172";"Автомобильная заправочная станция «РН-Москва» на 41-м километре Калужского шоссе";"14155102";"АЗС «РН-Москва» на 41-м километре Калужского шоссе";"Троицкий административный округ";"поселение Троицк";"41-й километр Калужского шоссе";"ОАО «РН-Москва»";"19.05.2015";"{type=Point, coordinates=[37.300420991961, 55.464275369079]}";
"173";"Автомобильная заправочная станция «Филатов В.А.» в Зеленограде, на Заводской улице, дом 38";"14155103";"АЗС «Филатов В.А.» в Зеленограде, на Заводской улице, дом 38";"Зеленоградский административный округ";"район Крюково";"Зеленоград, Заводская улиц, дом 38";"ИП «Филатов В.А.»";"20.05.2015";"{type=Point, coordinates=[37.183615770332, 55.972852467352]}";
"174";"Автомобильная заправочная станция «ТК Нефтепродуктсервис» на Осташковской улице, владение 18А";"14155112";"АЗС «ТК Нефтепродуктсервис» на Осташковской улице, владение 18А";"Северо-Восточный административный округ";"Лосиноостровский район";"Осташковская улица, владение 18А";"ООО «ТК Нефтепродуктсервис»";"22.05.2015";"{type=Point, coordinates=[37.67597586712, 55.883044684484]}";
"175";"Автомобильная заправочная станция «НБА-Северо-Запад» на Полярной улице, владение 37В";"14155115";"АЗС «НБА-Северо-Запад» на Полярной улице, владение 37В";"Северо-Восточный административный округ";"район Северное Медведково";"Полярная улица, владение 37В";"ООО «НБА-Северо-Запад»";"22.05.2015";"{type=Point, coordinates=[37.644932349968, 55.89045634284]}";
"176";"Автомобильная заправочная станция «ТрансАЗС» на Полярном проезде, владение 4А";"14155117";"АЗС «ТрансАЗС» на Полярном проезде, владение 4А";"Северо-Восточный административный округ";"район Северное Медведково";"Полярный проезд, владение 4А";"ЗАО «ТрансАЗС»";"22.05.2015";"{type=Point, coordinates=[37.629896621246, 55.88912565499]}";
"177";"Автомобильная заправочная станция «ЕКА-АЗС» на Сокольнической 5-й улице, владение 16А";"14155120";"АЗС «ЕКА-АЗС» на Сокольнической 5-й улице, владение 16А";"Восточный административный округ";"район Сокольники";"Сокольническая 5-я улица, владение 16А";"ООО «ЕКА-АЗС»";"25.05.2015";"{type=Point, coordinates=[37.689535066167, 55.786126100127]}";
"178";"Автомобильная заправочная станция «Сервис ФСП» на Краснобогатырской улице, владение 22";"14155122";"АЗС «Сервис ФСП» на Краснобогатырской улице, владение 22";"Восточный административный округ";"район Богородское";"Краснобогатырская улица, владение 22";"ООО «Сервис ФСП»";"25.05.2015";"{type=Point, coordinates=[37.698384800149, 55.811823447815]}";
"179";"Автомобильная заправочная станция «Долус» на Большой Косинской улице, владение 1Г";"14155124";"АЗС «Долус» на Большой Косинской улице, владение 1Г";"Восточный административный округ";"район Косино-Ухтомский";"Большая Косинская улица, владение 1Г";"ЗАО «Долус»";"25.05.2015";"{type=Point, coordinates=[37.850564995511, 55.711336448813]}";
"180";"Автомобильная заправочная станция «УК НИКОЙЛ» на Шоссейной улице, дом 88";"14155126";"АЗС «УК НИКОЙЛ» на Шоссейной улице, дом 88";"Юго-Восточный административный округ";"район Печатники";"Шоссейная улица, дом 88";"ООО «УК НИКОЙЛ»";"16.05.2017";"{type=Point, coordinates=[37.719024784577, 55.666980362657]}";
"181";"Автомобильная заправочная станция «Механизация-2» на Южнопортовой улице, дом 17";"14155135";"АЗС «Механизация-2» на Южнопортовой улице, дом 17";"Юго-Восточный административный округ";"район Печатники";"Южнопортовая улица, дом 17";"ОАО «Механизация-2»";"26.05.2015";"{type=Point, coordinates=[37.702885054788, 55.704320476067]}";
"182";"Автомобильная заправочная станция «АРС» на улице Садовники, дом 11А, строение 1";"14155137";"АЗС «АРС» на улице Садовники, дом 11А, строение 1";"Южный административный округ";"район Нагатино-Садовники";"улица Садовники, дом 11А, строение 1";"ООО «АРС»";"18.08.2017";"{type=Point, coordinates=[37.656454702596, 55.674156173976]}";
"183";"Автомобильная заправочная станция «НБА-Северо-Запад» на проспекте Андропова, дом 9, строение 1";"14155138";"АЗС «НБА-Северо-Запад» на проспекте Андропова, дом 9, строение 1";"Южный административный округ";"район Нагатинский Затон";"проспект Андропова, дом 9, строение 1";"ООО «НБА-Северо-Запад»";"27.05.2015";"{type=Point, coordinates=[37.666922502532, 55.688775943647]}";
"184";"Автомобильная заправочная станция «ЕКА-АЗС» на улице Подольских курсантов, владение 26А";"14155139";"АЗС «ЕКА-АЗС» на улице Подольских курсантов, владение 26А";"Южный административный округ";"район Бирюлёво Западное";"улица Подольских курсантов, владение 26А";"ООО «ЕКА-АЗС»";"27.05.2015";"{type=Point, coordinates=[37.630371336983, 55.593467492101]}";
"185";"Автомобильная заправочная станция «Фортекс» на улице Обручева, дом 50";"14155140";"АЗС «Фортекс» на улице Обручева, дом 50";"Юго-Западный административный округ";"район Коньково";"улица Обручева, дом 50";"ООО «Фортекс»";"21.11.2017";"{type=Point, coordinates=[37.559466439636, 55.649900438462]}";
"186";"Автомобильная заправочная станция «НБА-Северо-Запад» на улице Обручева, дом 25А";"14155141";"АЗС «НБА-Северо-Запад» на улице Обручева, дом 25А";"Юго-Западный административный округ";"Обручевский район";"улица Обручева, дом 25А";"ООО «НБА-Северо-Запад»";"28.05.2015";"{type=Point, coordinates=[37.536451689189, 55.656446225739]}";
"187";"Автомобильная заправочная станция «НБА-Северо-Запад» на Нахимовском проспекте, дом 21, строение 1";"14155142";"АЗС «НБА-Северо-Запад» на Нахимовском проспекте, дом 21, строение 1";"Юго-Западный административный округ";"район Зюзино";"Нахимовский проспект, дом 21, строение 1";"ООО «НБА-Северо-Запад»";"28.05.2015";"{type=Point, coordinates=[37.597322478353, 55.665690471537]}";
"188";"Автомобильная заправочная станция «НБА-Северо-Запад» в Лесном 4-м переулке, владение 2";"14155143";"АЗС «НБА-Северо-Запад» в Лесном 4-м переулке, владение 2";"Центральный административный округ";"Тверской район";"Лесной 4-й переулок, владение 2";"ООО «НБА-Северо-Запад»";"29.05.2015";"{type=Point, coordinates=[37.586285381171, 55.778866541331]}";
"189";"Автомобильная заправочная станция «ЭНИ-НЕФТО» на Ленинградском шоссе, дом 63Г";"14155144";"АЗС «ЭНИ-НЕФТО» на Ленинградском шоссе, дом 63Г";"Северный административный округ";"район Левобережный";"Ленинградское шоссе, дом 63Г";"ООО «ЭНИ-НЕФТО»";"01.06.2015";"{type=Point, coordinates=[37.462452177329, 55.864802983312]}";
"190";"Автомобильная заправочная станция «Шелл Нефть» на Ленинградском шоссе, владение 47А";"14155145";"АЗС «Шелл Нефть» на Ленинградском шоссе, владение 47А";"Северный административный округ";"Головинский район";"Ленинградское шоссе, владение 47А";"ООО «Шелл Нефть»";"01.06.2015";"{type=Point, coordinates=[37.476288025889, 55.844784277823]}";
"191";"Автомобильная заправочная станция «Интеройл» на улице Зенитчиков, дом 7";"14155146";"АЗС «Интеройл» на улице Зенитчиков, дом 7";"Северо-Западный административный округ";"район Митино";"улица Зенитчиков, дом 7";"ООО НГК «Интеройл»";"02.06.2015";"{type=Point, coordinates=[37.348137230304, 55.834639510425]}";
"192";"Автомобильная заправочная станция «Газпромнефть-Северо-Запад» на Кутузовском проспекте, владение 52";"14155147";"АЗС «Газпромнефть-Северо-Запад» на Кутузовском проспекте, владение 52";"Западный административный округ";"район Фили-Давыдково";"Кутузовский проспект, владение 52";"ЗАО «Газпромнефть-Северо-Запад»";"03.06.2015";"{type=Point, coordinates=[37.483372349202, 55.731169817803]}";
"193";"Автомобильная заправочная станция «НБА-Северо-Запад» на набережной Тараса Шевченко";"14155148";"АЗС «НБА-Северо-Запад» на набережной Тараса Шевченко";"Западный административный округ";"район Дорогомилово";"набережная Тараса Шевченко";"ООО «НБА-Северо-Запад»";"03.06.2015";"{type=Point, coordinates=[37.561035828381, 55.752331064112]}";
"194";"Автомобильная заправочная станция «Лукойл-Центрнефтепродукт» на Боровском шоссе, дом 2, строение 1";"14155149";"АЗС «Лукойл-Центрнефтепродукт» на Боровском шоссе, дом 2, строение 1";"Западный административный округ";"район Солнцево";"Боровское шоссе, дом 2, строение 1";"ООО «Лукойл-Центрнефтепродукт»";"03.06.2015";"{type=Point, coordinates=[37.426226420925, 55.6628138941]}";
"195";"Автомобильная заправочная станция «Саган» на Симферопольском шоссе, дом 9";"25747449";"АЗС «Саган» на Симферопольском шоссе, дом 9";"Новомосковский административный округ";"поселение Щербинка";"Симферопольское шоссе, дом 9";"ООО «Саган»";"01.07.2015";"{type=Point, coordinates=[37.571916972711, 55.501143743623]}";
"196";"Автомобильная заправочная станция «Федонин В.Г.» на Симферопольском шоссе, дом 1, строение 1";"25748908";"АЗС «Федонин В.Г.» на Симферопольском шоссе, дом 1, строение 1";"Новомосковский административный округ";"поселение Щербинка";"Симферопольское шоссе, дом 1, строение 1";"ИП Федонин В.Г.";"01.07.2015";"{type=Point, coordinates=[37.576810673664, 55.517071898613]}";
"197";"Автомобильная заправочная станция «Буран Петрол» на 58-м километре Калужского шоссе";"25751810";"АЗС «Буран Петрол» на 58-м километре Калужского шоссе";"Троицкий административный округ";"поселение Вороновское";"58-й километр Калужского шоссе";"ООО «Буран Петрол»";"05.05.2016";"{type=Point, coordinates=[37.172352310512, 55.343147569152]}";
"198";"Автомобильная заправочная станция «ТРГ-Центр» в поселении Вороновское";"25754680";"АЗС «ТРГ-Центр» в поселении Вороновское";"Троицкий административный округ";"поселение Вороновское";"поселение Вороновское";"ООО «ТРГ-Центр»";"03.07.2015";"{type=Point, coordinates=[37.187041076466, 55.323480492403]}";
"199";"Автомобильная заправочная станция «Лукойл-Центрнефтепродукт» на улице Римского-Корсакова, владение 5";"25756572";"АЗС «Лукойл-Центрнефтепродукт» на улице Римского-Корсакова, владение 5";"Северо-Восточный административный округ";"район Отрадное";"улица Римского-Корсакова, владение 5";"ООО «Лукойл-Центрнефтепродукт»";"06.07.2015";"{type=Point, coordinates=[37.594474816263, 55.872127022707]}";
"200";"Автомобильная заправочная станция «НБА-Северо-Запад» на Алтуфьевском шоссе, владение 3А";"25757894";"АЗС «НБА-Северо-Запад» на Алтуфьевском шоссе, владение 3А";"Северо-Восточный административный округ";"район Отрадное";"Алтуфьевское шоссе, владение 3А";"ООО «НБА-Северо-Запад»";"06.07.2015";"{type=Point, coordinates=[37.580008483988, 55.850286399339]}";
"201";"Автомобильная заправочная станция «НБА-Северо-Запад» на Сущевском валу, владение 25";"25760650";"АЗС «НБА-Северо-Запад» на Сущевском валу, владение 25";"Северо-Восточный административный округ";"район Марьина Роща";"Сущевский вал, владение 25";"ООО «НБА-Северо-Запад»";"06.07.2015";"{type=Point, coordinates=[37.603106625321, 55.793229817142]}";
"202";"Автомобильная заправочная станция «ЕКА-АЗС» на Ростокинском проезде, владение 11, строение 1";"25761391";"АЗС «ЕКА-АЗС» на Ростокинском проезде, владение 11, строение 1";"Восточный административный округ";"район Сокольники";"Ростокинский проезд, владение 11, строение 1";"ООО «ЕКА-АЗС»";"08.07.2015";"{type=Point, coordinates=[37.677859304673, 55.817965632402]}";
"203";"Автомобильная заправочная станция «Татнефть-АЗС-Запад» на шоссе Энтузиастов, дом 92Г";"25762384";"АЗС «Татнефть-АЗС-Запад» на шоссе Энтузиастов, дом 92Г";"Восточный административный округ";"район Ивановское";"шоссе Энтузиастов, дом 92Г";"ООО «Татнефть-АЗС-Запад»";"08.07.2015";"{type=Point, coordinates=[37.82119585114, 55.771380958606]}";
"204";"Автомобильная заправочная станция «РН-Москва» на улице Айвазовского, владение 2А";"25765991";"АЗС «РН-Москва» на улице Айвазовского, владение 2А";"Юго-Западный административный округ";"район Ясенево";"улица Айвазовского, владение 2А";"АО «РН-Москва»";"10.07.2015";"{type=Point, coordinates=[37.542727370994, 55.61967500652]}";
"205";"Автомобильная заправочная станция «Лукойл-Центрнефтепродукт» на улице Плеханова, дом 7А";"25767193";"АЗС «Лукойл-Центрнефтепродукт» на улице Плеханова, дом 7А";"Восточный административный округ";"район Перово";"улица Плеханова, дом 7А";"ООО «Лукойл-Центрнефтепродукт»";"23.07.2015";"{type=Point, coordinates=[37.758986465659, 55.755678456284]}";
"206";"Автомобильная заправочная станция «РН-Москва» на проспекте 60-летия Октября, владение 8В";"25770047";"АЗС «РН-Москва» на проспекте 60-летия Октября, владение 8В";"Юго-Западный административный округ";"Академический район";"проспект 60-летия Октября, владение 8В";"АО «РН-Москва»";"10.07.2015";"{type=Point, coordinates=[37.575633510219, 55.695328256906]}";
"207";"Автомобильная заправочная станция «ТД Нефтьмагистраль» в Зеленограде, на Новокрюковской улице, владение 5А";"25775341";"АЗС «ТД Нефтьмагистраль» в Зеленограде, на Новокрюковской улице, владение 5А";"Зеленоградский административный округ";"район Крюково";"Зеленоград, Новокрюковская улица, владение 5А";"ООО «ТД Нефтьмагистраль»";"06.08.2015";"{type=Point, coordinates=[37.161303667173, 55.987960262008]}";
"208";"Автомобильная заправочная станция «ТрансАЗС» на 93-м километре Московской кольцевой автомобильной дороги";"25778922";"АЗС«ТрансАЗС» на 93-м километре Московской кольцевой автомобильной дороги";"Северо-Восточный административный округ";"Лосиноостровский район";" 93-й километр Московской кольцевой автомобильной дороги";"ЗАО «ТрансАЗС»";"18.08.2015";"{type=Point, coordinates=[37.705129465231, 55.891537900161]}";
"209";"Автомобильная заправочная станция «Мосгортранс» на улице Дениса Давыдова, дом 2";"25781036";"АЗС «Мосгортранс» на улице Дениса Давыдова, дом 2";"Западный административный округ";"район Дорогомилово";"улица Дениса Давыдова, дом 2";"филиал Филевского АТП ГУП «Мосгортранс»";"20.08.2015";"{type=Point, coordinates=[37.518953634023, 55.739809325922]}";
"210";"Автомобильная заправочная станция «СБС-ХХI» на улице Знаменская, владение 1";"25782403";"Автомобильная заправочная станция «СБС-ХХI» на улице Знаменская, владение 1";"Восточный административный округ";"район Преображенское";"улица Знаменская, владение 1";"ООО «СБС-ХХI»";"01.09.2015";"{type=Point, coordinates=[37.712877681365, 55.801875097469]}";
"211";"Автомобильная заправочная станция «Альфа-Петрол М» на улице Ясеневая, владение 13А";"61425117";"АЗС «Альфа-Петрол М» на улице Ясеневая, владение 13А";"Южный административный округ";"район Орехово-Борисово Южное";"улица Ясеневая, владение 13А";"ООО «Альфа-Петрол М»";"22.10.2015";"{type=Point, coordinates=[37.725183404738, 55.602285497277]}";
"212";"Автомобильная заправочная станция «Оптима Юнион» на улице Южнопортовая, владение 17Д";"61425404";"АЗС «Оптима Юнион» на улице Южнопортовая, владение 17Д";"Юго-Восточный административный округ";"район Печатники";"улица Южнопортовая, владение 17Д";"ООО «Оптима Юнион»";"27.10.2015";"{type=Point, coordinates=[37.698347061297, 55.706621241174]}";
"213";"Автомобильная заправочная станция «Луч» на улице Барышиха, владение 11";"61425517";"АЗС «Луч» на улице Барышиха, владение 11";"Северо-Западный административный округ";"район Митино";"улица Барышиха, владение 11";"ООО «Луч»";"03.11.2015";"{type=Point, coordinates=[37.352796426892, 55.842612343031]}";
"214";"Автомобильная заправочная станция «Ойл-Траст» на Севастопольском проспекте, владение 11Б";"144586155";"АЗС «Ойл-Траст» на Севастопольском проспекте, владение 11Б";"Юго-Западный административный округ";"район Котловка";"Севастопольский проспект, владение 11Б";"ООО «Ойл-Траст»";"14.01.2016";"{type=Point, coordinates=[37.60297508212, 55.685835853886]}";
"215";"Автомобильная заправочная станция «РН-Москва» на проспекте 60-летия Октября, владение 8В, строение 1";"144586156";"АЗС «РН-Москва» на проспекте 60-летия Октября, владение 8В, строение 1";"Юго-Западный административный округ";"Академический район";"проспект 60-летия Октября, владение 8В, строение 1";"АО «РН-Москва»";"14.01.2016";"{type=Point, coordinates=[37.577568416453, 55.698175002083]}";
"216";"Автомобильная заправочная станция «Компания ТРАССА» на 42-м километре Калужского шоссе, владение 5, строение 1";"144586163";"АЗС «Компания ТРАССА» на 42-м километре Калужского шоссе, владение 5, строение 1";"Троицкий административный округ";"поселение Краснопахорское";"42-й километр Калужского шоссе, владение 5, строение 1";"ООО «Компания ТРАССА»";"14.01.2016";"{type=Point, coordinates=[37.291329999544, 55.449083130802]}";
"217";"Автомобильная заправочная станция «Газпромнефть-Северо-Запад» на улице Красина, владение 15, строение 1";"144586164";"АЗС «Газпромнефть-Северо-Запад» на улице Красина, владение 15, строение 1";"Центральный административный округ";"Пресненский район";"улица Красина, владение 15, строение 1";"ООО «Газпромнефть-Северо-Запад»";"22.01.2016";"{type=Point, coordinates=[37.586631104165, 55.768190953497]}";
"218";"Автомобильная заправочная станция «ИП Филатов В.А.» на Остафьевском шоссе, дом 7";"167792333";"АЗС «ИП Филатов В.А.» на Остафьевском шоссе, дом 7";"Новомосковский административный округ";"поселение Щербинка";"Остафьевское шоссе, дом 7";"ИП Филатов В.А.";"18.02.2016";"{type=Point, coordinates=[37.520726849759, 55.504327779969]}";
"219";"Автомобильная заправочная станция «Валар» на 39-м километре Московской кольцевой автомобильной дороги, владение 1, строение 1";"167792341";"АЗС «Валар» на 39-м километре Московской кольцевой автомобильной дороги, владение 1, строение 1";"Юго-Западный административный округ";"район Ясенево";"39-й километр Московской кольцевой автомобильной дороги, владение 1, строение 1";"ООО «Валар»";"25.02.2016";"{type=Point, coordinates=[37.507066744092, 55.598087229542]}";
"220";"Автомобильная заправочная станция «АВИС-АМ» на 32-м километре Московской кольцевой автомобильной дороги, владение 7";"167792351";"АЗС «АВИС-АМ» на 32-м километре Московской кольцевой автомобильной дороги, владение 7";"Южный административный округ";"район Чертаново Южное";"32-й километр Московской кольцевой автомобильной дороги, владение 7";"ООО «АВИС-АМ»";"25.02.2016";"{type=Point, coordinates=[37.604933756666, 55.575094474457]}";
"221";"Автомобильная заправочная станция «ЛУЧ» на улице Маршала Воробьева, дом 12";"167792387";"АЗС «ЛУЧ» на улице Маршала Воробьева, дом 12";"Северо-Западный административный округ";"район Строгино";"улица Маршала Воробьева, дом 12";"ООО «ЛУЧ»";"15.03.2016";"{type=Point, coordinates=[37.385134128625, 55.797568319005]}";
"222";"Автомобильная заправочная станция «Интертрест-Ойл» на 53-м километре Московской кольцевой автомобильной дороги, владение 6Б";"167792396";"АЗС «Интертрест-Ойл» на 53-м километре Московской кольцевой автомобильной дороги, владение 6Б";"Западный административный округ";"Можайский район";"53-й километр Московской кольцевой автомобильной дороги, владение 6Б";"ООО «Интертрест-Ойл»";"15.03.2016";"{type=Point, coordinates=[37.411909124792, 55.693085858749]}";
"223";"Автомобильная заправочная станция «Строй-Инвест» в Костомаровском переулке, дом 10, строение 2";"167792414";"АЗС «Строй-Инвест» в Костомаровском переулке, дом 10, строение 2";"Центральный административный округ";"Таганский район";"Костомаровскй переулок, дом 10, строение 2";"ООО «Строй-Инвест»";"22.03.2016";"{type=Point, coordinates=[37.665144966509, 55.750291253061]}";
"224";"Автомобильная заправочная станция «Татнефть-АЗС-Запад» на 50-м километре Калужского шоссе";"167792432";"АЗС «Татнефть-АЗС-Запад» на 50-м километре Калужского шоссе";"Троицкий административный округ";"поселение Краснопахорское";"50-й километр Калужского шоссе";"ООО «Татнефть-АЗС-Запад»";"24.03.2016";"{type=Point, coordinates=[37.232216987097, 55.393941128826]}";
"225";"Автомобильная заправочная станция «Валента» в Зеленограде на проезде 4807, строение 6";"167792444";"АЗС «Валента» в Зеленограде на проезде 4807, строение 6";"Зеленоградский административный округ";"район Савёлки";"Зеленоград на проезде 4807, строение 6";"ООО НПКФ «Валента»";"31.03.2016";"{type=Point, coordinates=[37.257993432444, 55.979474751491]}";
"226";"Автомобильная заправочная станция «Эни-Нефто» на Ленинградском шоссе, владение 63Г";"276155313";"АЗС «Эни-Нефто» на Ленинградском шоссе, владение 63Г";"Северный административный округ";"район Левобережный";"Ленинградское шоссе, владение 63Г";"ООО «Эни-Нефто»";"08.07.2016";"{type=Point, coordinates=[37.459173243194, 55.867307234092]}";
"227";"Автомобильная заправочная станция «Валар» на 36-м километре Калужского шоссе";"276155322";"АЗС «Валар» на 36-м километре Калужского шоссе";"Новомосковский административный округ";"поселение Десеновское";"36-й километр Калужского шоссе";"ООО «Валар»";"09.08.2016";"{type=Point, coordinates=[37.339267765282, 55.504212432184]}";
"228";"Автомобильная заправочная станция «Аквапикет» на улице Борисовские пруды, владение 1";"276155348";"АЗС «Аквапикет» на улице Борисовские пруды, владение 1";"Южный административный округ";"район Москворечье-Сабурово";"улица Борисовские пруды, владение 1";"ООО «Аквапикет»";"08.08.2017";"{type=Point, coordinates=[37.711198065696, 55.63635659773]}";
"229";"Автомобильная заправочная станция «Сети» на Крылатской улице, владение 2А";"276155359";"АЗС «Сети» на Крылатской улице, владение 2А";"Западный административный округ";"район Крылатское";"Крылатская улица, владение 2А";"ЗАО «Сети»";"20.09.2016";"{type=Point, coordinates=[37.431830831541, 55.750672227957]}";
"230";"Автомобильная заправочная станция «Сети» на улице 1905 года, дом 27, строение 1";"276155454";"АЗС «Сети» на улице 1905 года, дом 27, строение 1";"Центральный административный округ";"Пресненский район";"улица 1905 года, дом 27, строение 1";"ЗАО «Сети»";"20.09.2016";"{type=Point, coordinates=[37.554312219824, 55.771686004428]}";
"231";"Автомобильная заправочная станция «Сети» на 29-м километре Московской кольцевой автомобильной дороги, владение 8";"276155745";"АЗС «Сети» на 29-м километре Московской кольцевой автомобильной дороги, владение 8";"Южный административный округ";"район Бирюлёво Западное";"29-й километр Московской кольцевой автомобильной дороги, владение 8";"ЗАО «Сети»";"20.09.2016";"{type=Point, coordinates=[37.651936301192, 55.573758200777]}";
"232";"Автомобильная заправочная станция «ПИК-Индустрия» на проезде Стройкомбината, дом 1, строение 34";"282478903";"АЗС «ПИК-Индустрия» на проезде Стройкомбината, дом 1, строение 34";"Западный административный округ";"район Очаково-Матвеевское";"проезд Стройкомбината, дом 1, строение 34";"АО «ПИК-Индустрия»";"13.10.2016";"{type=Point, coordinates=[37.448435963018, 55.688236180267]}";
"233";"Автомобильная заправочная станция «ОПОРА» в поселении Щаповское, деревня Троицкое";"282479101";"АЗС «ОПОРА» в поселении Щаповское, деревня Троицкое";"Троицкий административный округ";"поселение Щаповское";"поселение Щаповское, деревня Троицкое";"ООО «ОПОРА»";"25.10.2016";"{type=Point, coordinates=[37.424939842232, 55.389910103343]}";
"234";"Автомобильная заправочная станция «НИКОЙЛ» на улице Поляны, владение 12";"282479276";"АЗС «НИКОЙЛ» на улице Поляны, владение 12";"Юго-Западный административный округ";"район Северное Бутово";"улица Поляны, владение 12";"ООО УК «НИКОЙЛ»";"27.10.2016";"{type=Point, coordinates=[37.555825337263, 55.564017506609]}";
"235";"Автомобильная заправочная станция «ОЙЛ СИТИ» на улице Новосущевская, владение 5, строение 1";"282479433";"АЗС «ОЙЛ СИТИ» на улице Новосущевская, владение 5, строение 1";"Центральный административный округ";"Тверской район";"улица Новосущевская, владение 5, строение 1";"ООО «ОЙЛ СИТИ»";"22.11.2016";"{type=Point, coordinates=[37.604473919777, 55.783607945725]}";
"236";"Автомобильная заправочная станция «ИП Бондаренко А.В.» на 34-м километре Киевского шоссе";"282479738";"АЗС «ИП Бондаренко А.В.» на 34-м километре Киевского шоссе";"Новомосковский административный округ";"поселение Марушкинское";"34-й километр Киевского шоссе";"ИП Бондаренко А.В.";"01.12.2016";"{type=Point, coordinates=[37.237424982478, 55.578878669092]}";
"237";"Автомобильная заправочная станция «Компания ЛЕМА» на 67-м километре Московской Кольцевой Автодороги, владение 7";"282479886";"АЗС «Компания ЛЕМА» на 67-м километре Московской Кольцевой Автодороги, владение 7";"Северо-Западный административный округ";"район Митино";"67-й километр Московской Кольцевой Автодороги, владение 7";"ЗАО «Компания ЛЕМА»";"06.12.2016";"{type=Point, coordinates=[37.394051554676, 55.834946451285]}";
"238";"Автомобильная заправочная станция «Меркурий» на Походном проезде, дом 1, строение 1";"282479984";"АЗС «Меркурий» на Походном проезде, дом 1, строение 1";"Северо-Западный административный округ";"район Южное Тушино";"Походный проезд, дом 1, строение 1";"ЗАО Фирма «Меркурий»";"13.12.2016";"{type=Point, coordinates=[37.406028188932, 55.832818301395]}";
"239";"Автомобильная заправочная станция «Татнефть-АЗС-Запад» на Кутузовском проспекте, дом 72";"282543185";"АЗС «Татнефть-АЗС-Запад» на Кутузовском проспекте, дом 72";"Западный административный округ";"район Фили-Давыдково";"Кутузовский проспект, дом 72";"ООО «Татнефть-АЗС-Запад»";"20.12.2016";"{type=Point, coordinates=[37.46225042504, 55.727360664755]}";
"240";"Автомобильная заправочная станция «Газпромнефть-Северо-Запад» на Кутузовском проспекте, владение 55";"282543633";"АЗС «Газпромнефть-Северо-Запад» на Кутузовском проспекте, владение 55";"Западный административный округ";"район Фили-Давыдково";"Кутузовский проспект, владение 55";"АО «Газпромнефть-Северо-Запад»";"20.12.2016";"{type=Point, coordinates=[37.484349154135, 55.729937537857]}";
"241";"Автомобильная заправочная станция № 8 «Валар» на Богородском валу, д. 3А, стр. 1";"334978883";"АЗС № 8 «Валар» на Богородском валу, д. 3А, стр. 1";"Восточный административный округ";"район Богородское";"Богородский вал, д. 3А, стр. 1";"ООО «Валар»";"01.02.2017";"{type=Point, coordinates=[37.706004879112, 55.803426723295]}";
"242";"Автомобильная заправочная станция № 9 «Валар» на Открытом шоссе, д. 14Г, стр. 1";"334978884";"АЗС № 9 «Валар» на Открытом шоссе, д. 14Г, стр. 1";"Восточный административный округ";"район Богородское";"Открытое шоссе, д. 14Г, стр. 1";"ООО «Валар»";"01.02.2017";"{type=Point, coordinates=[37.737693492268, 55.814212232773]}";
"243";"Автомобильная заправочная станция № 4 «Валар» на Монтажной ул., д. 3А, стр. 1";"334978885";"АЗС № 4 «Валар» на Монтажной ул., д. 3А, стр. 1";"Восточный административный округ";"район Гольяново";"Монтажная ул., д. 3А, стр. 1";"ООО «Валар»";"01.02.2017";"{type=Point, coordinates=[37.769038901244, 55.817617769993]}";
"244";"Автомобильная заправочная станция № 6 «Валар» на ул. Уткина, вл. 45Б";"334978886";"АЗС № 6 «Валар» на ул. Уткина, вл. 45Б";"Восточный административный округ";"район Соколиная Гора";"ул. Уткина, вл. 45Б";"ООО «Валар»";"01.02.2017";"{type=Point, coordinates=[37.744776934702, 55.761182850891]}";
"245";"Автомобильная заправочная станция № 116 «Валар» на ул. Большая Филевская, д. 5А";"334978887";"АЗС № 116 «Валар» на ул. Большая Филевская, д. 5А";"Западный административный округ";"район Филёвский Парк";"ул. Большая Филевская, д. 5А";"ООО «Валар»";"03.02.2017";"{type=Point, coordinates=[37.510169982717, 55.751388884147]}";
"246";"Автомобильная заправочная станция № 83 «Валар» на ул. Хамовнический вал, д. 40, стр. 1";"334978889";"АЗС № 83 «Валар» на ул. Хамовнический вал, д. 40 стр. 1";"Центральный административный округ";"район Хамовники";"Хамовнический вал, д. 40, стр. 1";"ООО «Валар»";"03.02.2017";"{type=Point, coordinates=[37.549976933099, 55.727352994776]}";
"247";"Автомобильная заправочная станция № 18 «Валар» на Боровском шоссе, 0,6 км";"334978890";"АЗС № 18 «Валар» на Боровском шоссе, 0,6 км";"Западный административный округ";"район Солнцево";"Боровское шоссе, 0,6 км";"ООО «Валар»";"07.02.2017";"{type=Point, coordinates=[37.419379929421, 55.660039317056]}";
"248";"Автомобильная заправочная станция № 19 «Валар» на Киевском шоссе, 19 км";"334978894";"АЗС № 19 «Валар» на Киевском шоссе, 19 км";"Новомосковский административный округ";"поселение ""Мосрентген""";"Киевское шоссе, 19 км";"ООО «Валар»";"29.08.2017";"{type=Point, coordinates=[37.451902966846, 55.634423567729]}";
"249";"Автомобильная заправочная станция № 007 «Валар» на Нахимовском проспекте, д. 10, стр. 1";"334978895";"АЗС № 007 «Валар» на Нахимовском проспекте, д. 10, стр. 1";"Юго-Западный административный округ";"район Котловка";"Нахимовский проспект, д. 10, стр. 1";"ООО «Валар»";"07.02.2017";"{type=Point, coordinates=[37.597426263997, 55.666325626567]}";
"250";"Автомобильная заправочная станция № 12 «Валар» на 39-м километре Московской кольцевой автомобильной дороги, владение 1, строение 1";"334978896";"АЗС № 12 «Валар» на 39-м километре Московской кольцевой автомобильной дороги, владение 1, строение 1";"Юго-Западный административный округ";"район Ясенево";"39-й километр Московской кольцевой автомобильной дороги, владение 1, строение 1";"ООО «Валар»";"10.02.2017";"{type=Point, coordinates=[37.503685504719, 55.598936142257]}";
"251";"Автомобильная заправочная станция № 5 «Валар» на Куликовской ул., вл. 2, стр. 1";"334978897";"АЗС № 5 «Валар» на Куликовской ул., вл. 2, стр. 1";"Юго-Западный административный округ";"район Северное Бутово";"Куликовская ул., вл. 2, стр. 1";"ООО «Валар»";"10.02.2017";"{type=Point, coordinates=[37.569665527931, 55.577725981803]}";
"252";"Автомобильная заправочная станция № 29 «Валар» д. Десна, на Рябиновой ул., вл. 17";"334978899";"АЗС № 29 «Валар» д. Десна, на Рябиновой ул., вл. 17";"Новомосковский административный округ";"поселение Десеновское";"д. Десна, Рябиновая ул., вл. 17";"ООО «Валар»";"14.02.2017";"{type=Point, coordinates=[37.382238349357, 55.52265883972]}";
"253";"Автомобильная заправочная станция № 16 «Валар» д. Ватутинки, Калужское шоссе, 36 км";"334978901";"АЗС № 16 «Валар» д. Ватутинки, Калужское шоссе, 36 км";"Новомосковский административный округ";"поселение Десеновское";"д. Ватутинки, Калужское шоссе, 36 км";"ООО «Валар»";"14.02.2017";"{type=Point, coordinates=[37.33926221261, 55.504226687564]}";
"254";"Автомобильная заправочная станция «Алена» на Волжском бульваре, д. 53, корп. 1";"334978902";"АЗС «Алена» на Волжском бульваре, д. 53, корп. 1";"Юго-Восточный административный округ";"район Кузьминки";"Волжский бульвар, д. 53, корп. 1";"ООО «Алена»";"17.03.2017";"{type=Point, coordinates=[37.756180055449, 55.693046781474]}";
"255";"Автомобильная заправочная станция «Мега-Петрол» на 41-м километре Калужского шоссе";"477996106";"АЗС «Мега-Петрол» на 41-м километре Калужского шоссе";"Троицкий административный округ";"поселение Троицк";"41-й километр Калужского шоссе";"ООО «Мега-Петрол»";"13.06.2017";"{type=Point, coordinates=[37.325202118351186, 55.49221280398253]}";
"256";"Автомобильная заправочная станция № 32 «Валар» на Полярном проезде, дом 6Б";"831771438";"АЗС № 32 «Валар» на Полярном проезде, дом 6Б";"Северо-Восточный административный округ";"район Северное Медведково";"Полярный проезд, дом 6Б";"ООО «Валар»";"06.10.2017";"{type=Point, coordinates=[37.631346573313, 55.889917895943]}";
"257";"Автомобильная заправочная станция «Инвест Капитал» в Костомаровском переулке, дом 10, строение 2";"831772010";"АЗС «Инвест Капитал» в Костомаровском переулке, дом 10, строение 2";"Центральный административный округ";"Таганский район";"Костомаровский переулок, дом 10, строение 2";"ООО «Инвест Капитал»";"08.12.2017";"{type=Point, coordinates=[37.665105900022, 55.750344300646]}";
"258";"Автомобильная заправочная станция ИП Левый М.С. в поселке Ерино, на улице Высокая, дом 100";"831772230";"АЗС ИП Левый М.С. в поселке Ерино, на улице Высокая, дом 100";"Троицкий административный округ";"поселение Рязановское";"поселок Ерино, на улице Высокая, дом 100";"ИП Левый М.С.";"21.11.2017";"{type=Point, coordinates=[37.527868600055, 55.449956496073]}";
"259";"Автомобильная заправочная станция «Татнефть-АЗС-Запад» на Ленинградском шоссе, дом 77";"860955286";"АЗС «Татнефть-АЗС-Запад» на Ленинградском шоссе, дом 77";"Северный административный округ";"район Левобережный";"Ленинградское шоссе, дом 77";"ООО «Татнефть-АЗС-Запад»";"30.01.2018";"{type=Point, coordinates=[37.444346396509, 55.879944189466]}";
"260";"Автомобильная заправочная станция «ТД Нефтьмагистраль» на 49-м километре А-101";"860955293";"АЗС «ТД Нефтьмагистраль» на 49-м километре А-101";"Троицкий административный округ";"поселение Краснопахорское";"49-й километр А-101";"ООО «ТД Нефтьмагистраль»";"19.03.2018";"{type=Point, coordinates=[37.239941655269, 55.398630361087]}";
"261";"Автомобильная заправочная станция «Форт» на 56-м километре Калужского шоссе";"860955294";"АЗС «Форт» на 56-м километре Калужского шоссе";"Троицкий административный округ";"поселение Вороновское";"56-й километр Калужского шоссе";"ООО «Форт»";"02.03.2018";"{type=Point, coordinates=[37.172445018081, 55.343183764097]}";
